candidate_id,indicator_id,indicator_name,kind,source_column,source_series_id,safe_direction,transform,param_id,params_json,signal_hash,valid_start_date,valid_end_date,valid_rows,total_rows,missing_rows_before_valid,valid_ratio,risk_off_share,risk_start_count,risk_end_count,performance_start_date_recorded_only,uses_kodex200,indicator_family,valid_start,valid_end,official_eligible,exclusion_reason,reuse_mode,official_eligibility_cutoff,previous_valid_start_date,previous_signal_hash,signal_hash_changed_vs_stage03b
kospi_index_level__EMA40_W240_S90_E80__e5b20cca1fae,kospi_index_level,KOSPI Index Level Signal,level,kospi_close,kospi_index_level,higher_is_safer,safe = kospi_close,EMA40_W240_S90_E80,"{""ema_span"":40,""end_q"":0.8,""start_q"":0.9,""window"":240}",3c57924c6256890da6f1d242645a9f20815ef0d96f3bef31b5c334b03dbb336e,1997-07-08,2026-07-28,7153,7292,139,0.9809380142622052,0.6671326716063191,24,23,2009-04-17,False,kospi_index_level,1997-07-08,2026-07-28,True,,regenerated_from_extended_frozen,2008-04-01,2008-07-02,8a7c38b6b753b83d3bb0cca6c53b6c37017c0202f0edb62872a2f7e559490e2f,True
kospi_index_level__EMA80_W30_S90_E25__7bf8650fd277,kospi_index_level,KOSPI Index Level Signal,level,kospi_close,kospi_index_level,higher_is_safer,safe = kospi_close,EMA80_W30_S90_E25,"{""ema_span"":80,""end_q"":0.25,""start_q"":0.9,""window"":30}",7d245686f74de448edf4ad26e131bdca3ed436390295520d4e72eeda428f7b0e,1997-03-12,2026-07-28,7233,7292,59,0.9919089413055403,0.5267523849025301,39,38,2009-04-17,False,kospi_index_level,1997-03-12,2026-07-28,True,,regenerated_from_extended_frozen,2008-04-01,2008-03-05,7cfc42722d7d5a880e84bd7781a91d64a4dd21ec39668f4c7a2e5e0d847ea245,True
usdkrw_level__EMA40_W30_S90_E80__b3e4e09b8f99,usdkrw_level,USD/KRW Level Signal,level,usdkrw_safe,usdkrw_level,higher_is_safer,"safe = -usdkrw, lagged in Stage 2",EMA40_W30_S90_E80,"{""ema_span"":40,""end_q"":0.8,""start_q"":0.9,""window"":30}",77edcf07a30cf6c0c2e066ad31bf67712e79235115e33beedba6fca06d611ff4,2004-02-03,2026-07-28,5545,7292,1747,0.7604223806911684,0.642560865644725,63,63,2009-04-17,False,usdkrw_level,2004-02-03,2026-07-28,True,,regenerated_from_extended_frozen,2008-04-01,2008-02-01,9c14b3ff96c11e3bfafcccd2926f46e0ea565f06117e788497bbf9c788df97a8,True
usdkrw_level__EMA80_W240_S35_E25__6e58b7442eb7,usdkrw_level,USD/KRW Level Signal,level,usdkrw_safe,usdkrw_level,higher_is_safer,"safe = -usdkrw, lagged in Stage 2",EMA80_W240_S35_E25,"{""ema_span"":80,""end_q"":0.25,""start_q"":0.35,""window"":240}",f76f1abc62dac4a91c3627de99a624a7a1cb5a6678b6b21dbdc1b34331379b3c,2004-07-27,2026-07-28,5425,7292,1867,0.7439659901261657,0.5970506912442396,11,10,2009-04-17,False,usdkrw_level,2004-07-27,2026-07-28,True,,regenerated_from_extended_frozen,2008-04-01,2008-07-30,85f1a213c57704875d2c5d9ce2f9cdc1876c3a8adec678be2791b943fabdb8de,True
usdkrw_level__EMA80_W240_S75_E65__9bdc0e65eb89,usdkrw_level,USD/KRW Level Signal,level,usdkrw_safe,usdkrw_level,higher_is_safer,"safe = -usdkrw, lagged in Stage 2",EMA80_W240_S75_E65,"{""ema_span"":80,""end_q"":0.65,""start_q"":0.75,""window"":240}",ea369980bce3555e0160c6fa1c8b508e493123cc5ea6727c404d82257ab239f7,2004-07-27,2026-07-28,5425,7292,1867,0.7439659901261657,0.6591705069124424,13,13,2009-04-17,False,usdkrw_level,2004-07-27,2026-07-28,True,,regenerated_from_extended_frozen,2008-04-01,2008-07-30,f98be32d457c0cd54b6d2de3bb38d300936c9cdb740c922360f48a9a85c3f443,True
usdkrw_level__EMA80_W480_S75_E25__ed038e4dd10d,usdkrw_level,USD/KRW Level Signal,level,usdkrw_safe,usdkrw_level,higher_is_safer,"safe = -usdkrw, lagged in Stage 2",EMA80_W480_S75_E25,"{""ema_span"":80,""end_q"":0.25,""start_q"":0.75,""window"":480}",765f21fd282446021101d8307d24fb2e3ce38b9c7180816ab593e941d4b7e9f9,2005-01-17,2026-07-28,5305,7292,1987,0.7275095995611629,0.5594721960414704,5,5,2009-04-17,False,usdkrw_level,2005-01-17,2026-07-28,True,,regenerated_from_extended_frozen,2008-04-01,2009-01-22,a443f8bfc9799a7e99d85f3884b895c037e8dc661c9695d18b221ee907fe8ff0,True
vix_level__EMA1_W480_S20_E10__a8456afa3015,vix_level,VIX Signal,level,vix_safe,vix_level,higher_is_safer,safe = -vix,EMA1_W480_S20_E10,"{""ema_span"":1,""end_q"":0.1,""start_q"":0.2,""window"":480}",835f418aa0126c477c9f16a0d47b006c38650ec48f44858d02e104117b61d590,1997-12-04,2026-07-28,7052,7292,240,0.9670872188699945,0.6747022121384004,68,67,2009-04-17,False,vix_level,1997-12-04,2026-07-28,True,,regenerated_from_extended_frozen,2008-04-01,2008-11-25,b34581cf6216d284c38889401a965332b9a081abeabf3dfcf004476067cdc488,True
vix_level__EMA1_W480_S35_E10__587d5f9ea7f3,vix_level,VIX Signal,level,vix_safe,vix_level,higher_is_safer,safe = -vix,EMA1_W480_S35_E10,"{""ema_span"":1,""end_q"":0.1,""start_q"":0.35,""window"":480}",e4149f695c5df030355d1ab260b6cbe738f40f5611c84a2d0b11b423259defd7,1997-12-04,2026-07-28,7052,7292,240,0.9670872188699945,0.7541123085649462,48,47,2009-04-17,False,vix_level,1997-12-04,2026-07-28,True,,regenerated_from_extended_frozen,2008-04-01,2008-11-25,96436d29dca1c93e118b946d98fa5c203fb2cf54e4c0ef09981a44f648508d85,True
vix_level__EMA5_W240_S50_E10__f4ede6458387,vix_level,VIX Signal,level,vix_safe,vix_level,higher_is_safer,safe = -vix,EMA5_W240_S50_E10,"{""ema_span"":5,""end_q"":0.1,""start_q"":0.5,""window"":240}",5093ab03c3c3b2aadef4bbebdc330714ab564e36149b704a49d9bcf682a076bd,1997-06-13,2026-07-28,7170,7292,122,0.9832693362589139,0.6266387726638772,36,35,2009-04-17,False,vix_level,1997-06-13,2026-07-28,True,,regenerated_from_extended_frozen,2008-04-01,2008-06-09,88fbc11371aa1c96a136960616c69ebee264c1e434598f7ce741f0cb682cacac,True
vix_level__EMA5_W480_S35_E10__f1b7969f9f76,vix_level,VIX Signal,level,vix_safe,vix_level,higher_is_safer,safe = -vix,EMA5_W480_S35_E10,"{""ema_span"":5,""end_q"":0.1,""start_q"":0.35,""window"":480}",43d5ad0ddaab78a220b26dcc263baed0268d4ca9e5d7bf3b5f22536cddbf3859,1997-12-08,2026-07-28,7050,7292,242,0.9668129456939112,0.6690780141843972,32,31,2009-04-17,False,vix_level,1997-12-08,2026-07-28,True,,regenerated_from_extended_frozen,2008-04-01,2008-11-27,aebc2562dbc660d0502fc86a244ab3b9a165cd23644896e787c98f4ac1dcd759,True
vix_spread__EMA10_W120_S35_E10__7696d16a802e,vix_spread,VIX Spread Signal,level,vix_spread_safe,vix_spread,higher_is_safer,safe = -(vix - vix3m),EMA10_W120_S35_E10,"{""ema_span"":10,""end_q"":0.1,""start_q"":0.35,""window"":120}",ca17797a7bfca3de428282570f756da6166e9abeb920b5c86d9e2cd55de6ce90,2008-03-13,2026-07-28,4526,7292,2766,0.6206801974766868,0.4522757401679187,45,44,2009-04-17,False,vix_spread,2008-03-13,2026-07-28,True,,regenerated_from_extended_frozen,2008-04-01,2008-03-13,db4e5ba92968384ecdeadeb3ad8e23d68ecd4f5825fbe5813ddacbca0808b7b8,True
vix_spread__EMA10_W120_S75_E25__b2ceeec94288,vix_spread,VIX Spread Signal,level,vix_spread_safe,vix_spread,higher_is_safer,safe = -(vix - vix3m),EMA10_W120_S75_E25,"{""ema_span"":10,""end_q"":0.25,""start_q"":0.75,""window"":120}",f45ca73b405e7a17fbe2ceb5b801ba96a40fe41132055c53d05102c799feef26,2008-03-13,2026-07-28,4526,7292,2766,0.6206801974766868,0.5276182059213433,47,46,2009-04-17,False,vix_spread,2008-03-13,2026-07-28,True,,regenerated_from_extended_frozen,2008-04-01,2008-03-13,ed8c3d15ea6c820ce2eb58b6a9ec32b7a177c48ffa7859297b8d20d508afd645,True
us_hy_oas_level__EMA1_W480_S50_E25__99cc140fae43,us_hy_oas_level,US HY Proxy Signal,level,hy_safe,us_hy_oas_level,higher_is_safer,"safe = -(DBAA - DGS10), proxy-only v1",EMA1_W480_S50_E25,"{""ema_span"":1,""end_q"":0.25,""start_q"":0.5,""window"":480}",1de48922705231fe236660f9a37fea4f2eaae131ee0784704ca20ed026baecb3,1997-12-04,2026-07-28,7052,7292,240,0.9670872188699945,0.4807146908678389,19,18,2009-04-17,False,us_hy_oas_level,1997-12-04,2026-07-28,True,,regenerated_from_extended_frozen,2008-04-01,2008-11-25,0a7f194bc2c63837b48047c26fc259006e8d3a4c9a14e9126279519cd74a3cc6,True
us_hy_oas_level__EMA5_W120_S75_E10__7242bc2397f2,us_hy_oas_level,US HY Proxy Signal,level,hy_safe,us_hy_oas_level,higher_is_safer,"safe = -(DBAA - DGS10), proxy-only v1",EMA5_W120_S75_E10,"{""ema_span"":5,""end_q"":0.1,""start_q"":0.75,""window"":120}",c9524a6446aeac937155b150628056dadd647abf41ea0a65bad7ef47d8cf9632,1997-03-17,2026-07-28,7230,7292,62,0.9914975315414153,0.5052558782849239,32,31,2009-04-17,False,us_hy_oas_level,1997-03-17,2026-07-28,True,,regenerated_from_extended_frozen,2008-04-01,2008-03-10,a4355eeae83dd316b403f11d80cfd25dc069a9b8026e14b78ee849360970ae32,True
us_ig_oas_level__EMA1_W120_S50_E10__11ec354fd661,us_ig_oas_level,US IG Proxy Signal,level,ig_safe,us_ig_oas_level,higher_is_safer,"safe = -(DAAA - DGS10), proxy-only v1",EMA1_W120_S50_E10,"{""ema_span"":1,""end_q"":0.1,""start_q"":0.5,""window"":120}",9f03c0d0a498eec65fc9a9e276901dcb81f99ddbdaea4bc25b3e9bc01c849dd5,1997-03-13,2026-07-28,7232,7292,60,0.9917718047174986,0.5793694690265486,52,51,2009-04-17,False,us_ig_oas_level,1997-03-13,2026-07-28,True,,regenerated_from_extended_frozen,2008-04-01,2008-03-06,45710e06717973b2ba31b289f546f63cc8383439bb45421fa868c316307aa2e8,True
us_ig_oas_level__EMA5_W240_S35_E10__d4500918aee9,us_ig_oas_level,US IG Proxy Signal,level,ig_safe,us_ig_oas_level,higher_is_safer,"safe = -(DAAA - DGS10), proxy-only v1",EMA5_W240_S35_E10,"{""ema_span"":5,""end_q"":0.1,""start_q"":0.35,""window"":240}",4fa2afdeb75b85151eb48892cdb46f4241332f174ee5258773b51d689328f3d6,1997-06-13,2026-07-28,7170,7292,122,0.9832693362589139,0.5651324965132497,21,20,2009-04-17,False,us_ig_oas_level,1997-06-13,2026-07-28,True,,regenerated_from_extended_frozen,2008-04-01,2008-06-09,aff37e8b690a583167e4c8d9b9f35d6c0139a4887e97b0c54a0112616c2c0b77,True
us_ig_oas_level__EMA10_W480_S50_E25__31952ac8973d,us_ig_oas_level,US IG Proxy Signal,level,ig_safe,us_ig_oas_level,higher_is_safer,"safe = -(DAAA - DGS10), proxy-only v1",EMA10_W480_S50_E25,"{""ema_span"":10,""end_q"":0.25,""start_q"":0.5,""window"":480}",236fcd8cf7d0f50e41b5df32771e42ae2f962233eaae4b6209b779a6e3549f78,1997-12-10,2026-07-28,7048,7292,244,0.9665386725178278,0.6566401816118048,14,13,2009-04-17,False,us_ig_oas_level,1997-12-10,2026-07-28,True,,regenerated_from_extended_frozen,2008-04-01,2008-12-01,d848f5634c6e52b285c52af116fd2d3722186bfe2f33beb32d31763fab942aaf,True
global_credit_stress__EMA1_W120_S50_E10__c4ab861de44c,global_credit_stress,Global Credit Stress Signal,level,credit_stress_safe,global_credit_stress,higher_is_safer,"safe = -mean(z(HY proxy), z(NFCI), z(VIX))",EMA1_W120_S50_E10,"{""ema_span"":1,""end_q"":0.1,""start_q"":0.5,""window"":120}",1adce0561a3b96d4213801b023f96b8d9402f58115b9548e7b622dd7c232d3ef,1997-06-13,2026-07-28,7170,7292,122,0.9832693362589139,0.47684797768479775,55,54,2009-04-17,False,global_credit_stress,1997-06-13,2026-07-28,True,,regenerated_from_extended_frozen,2008-04-01,2008-06-09,2d9b2b257936b43729e79e6184f9c09838ebc5b002ffd0cf8c41843256398fa7,True
global_credit_stress__EMA5_W120_S35_E10__9a1a865e38d8,global_credit_stress,Global Credit Stress Signal,level,credit_stress_safe,global_credit_stress,higher_is_safer,"safe = -mean(z(HY proxy), z(NFCI), z(VIX))",EMA5_W120_S35_E10,"{""ema_span"":5,""end_q"":0.1,""start_q"":0.35,""window"":120}",4c24f3bf6c5a8e5d8d44a0fd3b7e9bde7002e62155798514752c3a00207d70ea,1997-06-17,2026-07-28,7168,7292,124,0.9829950630828305,0.43233816964285715,47,46,2009-04-17,False,global_credit_stress,1997-06-17,2026-07-28,True,,regenerated_from_extended_frozen,2008-04-01,2008-06-11,0439447ae468f542883cca8671f2d0d80159c8786ea744e13ef8088415facc66,True
global_credit_stress__EMA20_W240_S90_E65__9f30024118cb,global_credit_stress,Global Credit Stress Signal,level,credit_stress_safe,global_credit_stress,higher_is_safer,"safe = -mean(z(HY proxy), z(NFCI), z(VIX))",EMA20_W240_S90_E65,"{""ema_span"":20,""end_q"":0.65,""start_q"":0.9,""window"":240}",b3e21ae22ab11aba0ce81c6ffbbcfb3456a0ad3fdfc7f9b01490fc6ba2ac97a9,1997-09-25,2026-07-28,7101,7292,191,0.9738069116840373,0.4730319673285453,24,23,2009-04-17,False,global_credit_stress,1997-09-25,2026-07-28,True,,regenerated_from_extended_frozen,2008-04-01,2008-09-16,a1208cc7f3decca0e888b523f8e4b1024dcdc9170bdd2920d89f98a78f0c8bd2,True
us_10y_real_yield_level__EMA1_W240_S50_E25__ba1107712d08,us_10y_real_yield_level,US 10Y Real Yield Signal,level,real_yield_10y_safe,us_10y_real_yield_level,higher_is_safer,safe = -DFII10,EMA1_W240_S50_E25,"{""ema_span"":1,""end_q"":0.25,""start_q"":0.5,""window"":240}",97e9a337cdaebdb5550be13ce847ffc28cf6d9037bc86ff76901ae7197519654,2003-06-27,2026-07-28,5690,7292,1602,0.7803071859572134,0.5181019332161687,37,36,2009-04-17,False,us_10y_real_yield_level,2003-06-27,2026-07-28,True,,regenerated_from_extended_frozen,2008-04-01,2008-06-04,b0078a6dff11240be68b54357b7fa7e2e22513f058fe73455ee30bbd1224bd3a,True
us_10y_real_yield_level__EMA20_W480_S90_E10__67b442269d41,us_10y_real_yield_level,US 10Y Real Yield Signal,level,real_yield_10y_safe,us_10y_real_yield_level,higher_is_safer,safe = -DFII10,EMA20_W480_S90_E10,"{""ema_span"":20,""end_q"":0.1,""start_q"":0.9,""window"":480}",270ad90fa71b95b347d5047c48a07126e7261c2531260d968f4a51b012c92cf3,2004-01-07,2026-07-28,5561,7292,1731,0.7626165660998354,0.5653659413774501,7,6,2009-04-17,False,us_10y_real_yield_level,2004-01-07,2026-07-28,True,,regenerated_from_extended_frozen,2008-04-01,2008-12-08,7080b507ed04e33b83125ffee546395002124a14c6a11a3307a673056c3528be,True
us_10y_real_yield_level__EMA40_W480_S90_E25__34170b129534,us_10y_real_yield_level,US 10Y Real Yield Signal,level,real_yield_10y_safe,us_10y_real_yield_level,higher_is_safer,safe = -DFII10,EMA40_W480_S90_E25,"{""ema_span"":40,""end_q"":0.25,""start_q"":0.9,""window"":480}",bd9dc4ed3c75033f2e1bb3f117dc0811965519b7c469b2e9822469a1354f8eb0,2004-01-26,2026-07-28,5551,7292,1741,0.7612452002194185,0.6793370563862368,7,6,2009-04-17,False,us_10y_real_yield_level,2004-01-26,2026-07-28,True,,regenerated_from_extended_frozen,2008-04-01,2008-12-22,f358416f936dac412aafabdf2ce9212623715cf1f9b669bccb700deb28635910,True
us_10y_2y_spread__EMA40_W480_S90_E65__4b1d14114472,us_10y_2y_spread,US 10Y-2Y Spread Signal,level,us_10y_2y_spread,us_10y_2y_spread,higher_is_safer,safe = DGS10 - DGS2,EMA40_W480_S90_E65,"{""ema_span"":40,""end_q"":0.65,""start_q"":0.9,""window"":480}",9acc621d59ca16dcf571696949118ec6b4cd915c5720bacdf096129f760735b2,1998-01-09,2026-07-28,7033,7292,259,0.9644816236972024,0.5228209867766245,5,4,2009-04-17,False,us_10y_2y_spread,1998-01-09,2026-07-28,True,,regenerated_from_extended_frozen,2008-04-01,2008-12-22,bbe9ea077ce2086742659fa1ea28e2e2b954755ce625055c424e1daddf03a794,True
us_10y_2y_spread__EMA40_W480_S90_E80__10d13bb2a532,us_10y_2y_spread,US 10Y-2Y Spread Signal,level,us_10y_2y_spread,us_10y_2y_spread,higher_is_safer,safe = DGS10 - DGS2,EMA40_W480_S90_E80,"{""ema_span"":40,""end_q"":0.8,""start_q"":0.9,""window"":480}",0d2d4ddbfecf5b51837c5d1ad0dc1bcb8da4615e266933af55463c0515b539f7,1998-01-09,2026-07-28,7033,7292,259,0.9644816236972024,0.480733684060856,9,8,2009-04-17,False,us_10y_2y_spread,1998-01-09,2026-07-28,True,,regenerated_from_extended_frozen,2008-04-01,2008-12-22,ded0701c832b4931f04dc7bebbdef05f8ad18e2a03aa912e32a1d27de1ed48aa,True
us_10y_2y_spread__EMA80_W480_S90_E65__b48e91e2b5d3,us_10y_2y_spread,US 10Y-2Y Spread Signal,level,us_10y_2y_spread,us_10y_2y_spread,higher_is_safer,safe = DGS10 - DGS2,EMA80_W480_S90_E65,"{""ema_span"":80,""end_q"":0.65,""start_q"":0.9,""window"":480}",9eaa74397e68797016ff1d5eb87f2d2596a70088d9c542d54ab658c604c4117f,1998-02-11,2026-07-28,7013,7292,279,0.9617388919363686,0.5968914872379866,5,4,2009-04-17,False,us_10y_2y_spread,1998-02-11,2026-07-28,True,,regenerated_from_extended_frozen,2008-04-01,2009-01-22,8a5ec397c1078169a3b2f389eb8062ca4f42b3968c6332dff3d6f3865b7bd3e0,True
us_10y_3m_spread__EMA20_W480_S90_E65__597b645a4963,us_10y_3m_spread,US 10Y-3M Spread Signal,level,us_10y_3m_spread,us_10y_3m_spread,higher_is_safer,safe = DGS10 - DGS3MO,EMA20_W480_S90_E65,"{""ema_span"":20,""end_q"":0.65,""start_q"":0.9,""window"":480}",4e68eb0e3e18ecea255f131be9f458a1b453878f27213806c6a3bd018f05f916,1997-12-17,2026-07-28,7043,7292,249,0.9658529895776193,0.7300866108192532,8,7,2009-04-17,False,us_10y_3m_spread,1997-12-17,2026-07-28,True,,regenerated_from_extended_frozen,2008-04-01,2008-12-08,12dddcbd74465b58dada75741d5558a16bc87a4f9b0cc48ca4e2c824dcbb8541,True
us_10y_3m_spread__EMA80_W60_S75_E25__c69da156f28a,us_10y_3m_spread,US 10Y-3M Spread Signal,level,us_10y_3m_spread,us_10y_3m_spread,higher_is_safer,safe = DGS10 - DGS3MO,EMA80_W60_S75_E25,"{""ema_span"":80,""end_q"":0.25,""start_q"":0.75,""window"":60}",0f21d71789145aa09d624ce7cf26b53dd912746108ef3081e7fce74dbd585fa1,1997-03-26,2026-07-28,7223,7292,69,0.9905375754251234,0.5594628270801606,27,26,2009-04-17,False,us_10y_3m_spread,1997-03-26,2026-07-28,True,,regenerated_from_extended_frozen,2008-04-01,2008-03-19,d97fed19703b15dbc9f2327dc54bf0f04d6f6e3ba18a73b8908eec422149f644,True
us_10y_3m_spread__EMA80_W120_S90_E65__80d0fee310a6,us_10y_3m_spread,US 10Y-3M Spread Signal,level,us_10y_3m_spread,us_10y_3m_spread,higher_is_safer,safe = DGS10 - DGS3MO,EMA80_W120_S90_E65,"{""ema_span"":80,""end_q"":0.65,""start_q"":0.9,""window"":120}",f3084ec9a19b8f8bdee7fb2ac7e3dcf6b469d424ba71eafe4231c9ae00476fc4,1997-05-09,2026-07-28,7193,7292,99,0.9864234777838727,0.7398860002780481,20,19,2009-04-17,False,us_10y_3m_spread,1997-05-09,2026-07-28,True,,regenerated_from_extended_frozen,2008-04-01,2008-05-02,ec0a98df0c0285afac51698d3bcc6ad0fa828e01020d763c43e5d608c1a439d2,True
us_10y_slope__SW160_EMA1_W240_S75_E65__1e08769c51a3,us_10y_slope,US 10Y Nominal Yield Slope Signal,yield_slope,us_10y_yield,us_10y_slope,higher_is_safer_after_slope_inversion,safe = -rolling_linear_regression_slope(DGS10),SW160_EMA1_W240_S75_E65,"{""ema_span"":1,""end_q"":0.65,""slope_window"":160,""start_q"":0.75,""threshold_window"":240}",23922382461457807c7fcbe7d3917e6a897677772bb075e4ca65da5fc1896cf2,1998-02-11,2026-07-28,7013,7292,279,0.9617388919363686,0.597747041209183,21,20,2009-04-17,False,us_10y_slope,1998-02-11,2026-07-28,True,,regenerated_from_extended_frozen,2008-04-01,2009-01-22,a164223465cff88c525b9535cd8e90c918f75a7d5670ade26536190d19b84580,True
us_10y_slope__SW160_EMA5_W240_S75_E40__3d8da8f736af,us_10y_slope,US 10Y Nominal Yield Slope Signal,yield_slope,us_10y_yield,us_10y_slope,higher_is_safer_after_slope_inversion,safe = -rolling_linear_regression_slope(DGS10),SW160_EMA5_W240_S75_E40,"{""ema_span"":5,""end_q"":0.4,""slope_window"":160,""start_q"":0.75,""threshold_window"":240}",c29e1762f50a30ee39b364c52a4c2d3d8dfa4c86d8de573cefb20d399b52abbb,1998-02-13,2026-07-28,7011,7292,281,0.9614646187602852,0.46070460704607047,19,18,2009-04-17,False,us_10y_slope,1998-02-13,2026-07-28,True,,regenerated_from_extended_frozen,2008-04-01,2009-01-28,229e17182b380dd6d1c099a96ea55bfb4fdd5ac57d3921cf40c34c99011d81b7,True
us_10y_slope__SW160_EMA40_W240_S75_E40__6da9a4cb8222,us_10y_slope,US 10Y Nominal Yield Slope Signal,yield_slope,us_10y_yield,us_10y_slope,higher_is_safer_after_slope_inversion,safe = -rolling_linear_regression_slope(DGS10),SW160_EMA40_W240_S75_E40,"{""ema_span"":40,""end_q"":0.4,""slope_window"":160,""start_q"":0.75,""threshold_window"":240}",8fd8ad3f91d97d0d2467ed1d9058ebfb9543bb003422cadae6e65ac2241be3a4,1998-03-10,2026-07-28,6994,7292,298,0.9591332967635765,0.4003431512725193,19,18,2009-04-17,False,us_10y_slope,1998-03-10,2026-07-28,True,,regenerated_from_extended_frozen,2008-04-01,2009-02-20,853b98fceef9246e2008f51638eb05b985b2731fe5e688e65e402276da4317df,True
us_10y_slope__SW160_EMA40_W240_S75_E65__f4bb3d0ad09d,us_10y_slope,US 10Y Nominal Yield Slope Signal,yield_slope,us_10y_yield,us_10y_slope,higher_is_safer_after_slope_inversion,safe = -rolling_linear_regression_slope(DGS10),SW160_EMA40_W240_S75_E65,"{""ema_span"":40,""end_q"":0.65,""slope_window"":160,""start_q"":0.75,""threshold_window"":240}",a085ca40898bc96cae88a07ed069ba6bce013c8856f2823de5d2c4096bd548e4,1998-03-10,2026-07-28,6994,7292,298,0.9591332967635765,0.5790677723763226,20,19,2009-04-17,False,us_10y_slope,1998-03-10,2026-07-28,True,,regenerated_from_extended_frozen,2008-04-01,2009-02-20,676d1dd52a2025a45098c29fdcd49675f261945528f338198b09d743be49f757,True
kospi_rsi__RSI28_LB80_Q10_80__dbbc066a9e69,kospi_rsi,KOSPI RSI Signal,rsi,kospi_close,kospi_rsi,rsi_higher_is_riskier,"S&P RSI: upper quantile starts Risk-off, lower quantile ends",RSI28_LB80_Q10_80,"{""lookback"":80,""lower_q"":0.1,""period"":28,""upper_q"":0.8}",34911e0934744fa58c4d3f42b15303c5812ab030c594573deeea4128d04bab7e,1997-03-24,2026-07-28,7225,7292,67,0.9908118486012069,0.5784083044982699,69,69,2009-04-17,False,kospi_rsi,1997-03-24,2026-07-28,True,,regenerated_from_extended_frozen,2008-04-01,2008-03-17,a942ebd1d3b3547cd8afc09f3ce3b75ebbbc6ca28d0ff4ba99b3da9bcb621f18,True
kospi_rsi__RSI28_LB80_Q20_90__0ade1e17e567,kospi_rsi,KOSPI RSI Signal,rsi,kospi_close,kospi_rsi,rsi_higher_is_riskier,"S&P RSI: upper quantile starts Risk-off, lower quantile ends",RSI28_LB80_Q20_90,"{""lookback"":80,""lower_q"":0.2,""period"":28,""upper_q"":0.9}",ef7d44c3b6de535ed052c0278c712eb927a223d0d6e6b957220bd9c3d11aafd3,1997-03-24,2026-07-28,7225,7292,67,0.9908118486012069,0.4460899653979239,75,75,2009-04-17,False,kospi_rsi,1997-03-24,2026-07-28,True,,regenerated_from_extended_frozen,2008-04-01,2008-03-17,cccfdf323633938b40b7f39186a29e2d6bc34fd3190488be556dc17011bd4abf,True
kospi_rsi__RSI56_LB80_Q10_70__88bfbe25d8a6,kospi_rsi,KOSPI RSI Signal,rsi,kospi_close,kospi_rsi,rsi_higher_is_riskier,"S&P RSI: upper quantile starts Risk-off, lower quantile ends",RSI56_LB80_Q10_70,"{""lookback"":80,""lower_q"":0.1,""period"":56,""upper_q"":0.7}",98149228b6762183bd121af8ad1c932a775dfaec5e4f9090e3dc255bfb831124,1997-05-02,2026-07-28,7197,7292,95,0.9869720241360395,0.5774628317354453,65,65,2009-04-17,False,kospi_rsi,1997-05-02,2026-07-28,True,,regenerated_from_extended_frozen,2008-04-01,2008-04-25,61718e4389cf84e868eff03def7990d0057355768e7f56f0086e26b08b5a5172,True
kospi_rsi__RSI56_LB80_Q10_90__f2cc9b35b7d4,kospi_rsi,KOSPI RSI Signal,rsi,kospi_close,kospi_rsi,rsi_higher_is_riskier,"S&P RSI: upper quantile starts Risk-off, lower quantile ends",RSI56_LB80_Q10_90,"{""lookback"":80,""lower_q"":0.1,""period"":56,""upper_q"":0.9}",af58586d336c6b15beb959ac8e3d03ee3132fabe8f81845bb873ef5b01f322d1,1997-05-02,2026-07-28,7197,7292,95,0.9869720241360395,0.47894956231763236,52,52,2009-04-17,False,kospi_rsi,1997-05-02,2026-07-28,True,,regenerated_from_extended_frozen,2008-04-01,2008-04-25,7e34d640585f2e5f46a3d25d370672d2f06a61b1332c4cfb06101836ee6785ab,True
kospi_bollinger__BBW40_STD1p5__11c5b83d0a43,kospi_bollinger,KOSPI Bollinger Band Signal,bollinger,kospi_ohlc,kospi_bollinger,upper_reentry_is_risk_start_lower_reentry_is_risk_end,S&P Bollinger re-entry state machine,BBW40_STD1p5,"{""std_multiplier"":1.5,""window"":40}",c8e6328ad307b74a0d731a11082abf5808f6395a7f03181a2e9c03b08e1e5625,1997-02-12,2026-07-28,7253,7292,39,0.9946516730663741,0.5297118433751551,72,72,2009-04-17,False,kospi_bollinger,1997-02-12,2026-07-28,True,,regenerated_from_extended_frozen,2008-04-01,2008-02-01,70e2563ee33add546748afe66ff1da079cd08b0f89500a954b461f01788e9140,True
kospi_bollinger__BBW40_STD2p0__969923a71f91,kospi_bollinger,KOSPI Bollinger Band Signal,bollinger,kospi_ohlc,kospi_bollinger,upper_reentry_is_risk_start_lower_reentry_is_risk_end,S&P Bollinger re-entry state machine,BBW40_STD2p0,"{""std_multiplier"":2.0,""window"":40}",2458b352a438d9d033b2f2e2ddfb7028eced24533079cca3146faaa7ca262716,1997-02-12,2026-07-28,7253,7292,39,0.9946516730663741,0.486557286640011,56,56,2009-04-17,False,kospi_bollinger,1997-02-12,2026-07-28,True,,regenerated_from_extended_frozen,2008-04-01,2008-02-01,f80f1f1f6e97fb6bed222e3a9e49adda219add4e10760fbae58708a464acdd53,True
kospi_bollinger__BBW80_STD1p5__1396c565edce,kospi_bollinger,KOSPI Bollinger Band Signal,bollinger,kospi_ohlc,kospi_bollinger,upper_reentry_is_risk_start_lower_reentry_is_risk_end,S&P Bollinger re-entry state machine,BBW80_STD1p5,"{""std_multiplier"":1.5,""window"":80}",ba3a01a79b0e706289be994c6025e74b806f5e978ad2af614fc90b0fb7abe4c9,1997-04-09,2026-07-28,7213,7292,79,0.9891662095447066,0.5723000138638569,32,31,2009-04-17,False,kospi_bollinger,1997-04-09,2026-07-28,True,,regenerated_from_extended_frozen,2008-04-01,2008-04-02,f7a6d7665d4ee79bc065e63eee32140edc09f4d1a306dadf17c0797b0fa7d0b1,True
kospi_bollinger__BBW80_STD2p0__b0d4bab58de5,kospi_bollinger,KOSPI Bollinger Band Signal,bollinger,kospi_ohlc,kospi_bollinger,upper_reentry_is_risk_start_lower_reentry_is_risk_end,S&P Bollinger re-entry state machine,BBW80_STD2p0,"{""std_multiplier"":2.0,""window"":80}",c2978e50a0d96637151970e4d9ecf6a54d23efebb1b16e124baabf53d13d1248,1997-04-09,2026-07-28,7213,7292,79,0.9891662095447066,0.5272424788576182,26,25,2009-04-17,False,kospi_bollinger,1997-04-09,2026-07-28,True,,regenerated_from_extended_frozen,2008-04-01,2008-04-02,ee091b96e9b9ec278f7bf6cdd8de31f1164a6a24199c3bf1cf4a990168624a9a,True
kospi_natr_n10__NATR10_EMA80_W480_S35_E10__a45c51e4f324,kospi_natr,KOSPI NATR Signal,level,,kospi_natr_n10,higher_is_safer,safe = -(100 * Wilder_ATR / kospi_close),NATR10_EMA80_W480_S35_E10,"{""ema_span"":80,""end_q"":0.1,""natr_n"":10,""start_q"":0.35,""window"":480}",3674c81c7b740d5e7e7210efb924bf344b4eaaf534dfa8acde62ba34e0719ddd,1998-02-24,2026-07-28,7004,7292,288,0.9605046626439934,0.42961165048543687,11,10,2009-04-17,False,kospi_natr,1998-02-24,2026-07-28,True,,regenerated_from_extended_frozen,2008-04-01,2009-02-06,610010857f3a755f6a3a3b35b1e13f0c8b677edd47f4d4fc1be3a43008c382b5,True
kospi_natr_n80__NATR80_EMA20_W480_S75_E40__53e1711720b6,kospi_natr,KOSPI NATR Signal,level,,kospi_natr_n80,higher_is_safer,safe = -(100 * Wilder_ATR / kospi_close),NATR80_EMA20_W480_S75_E40,"{""ema_span"":20,""end_q"":0.4,""natr_n"":80,""start_q"":0.75,""window"":480}",0e37ba484bef071cd629d9fcb1a7d3463b5f65104c47dfe5096c05346f9cb50b,1998-04-21,2026-07-28,6964,7292,328,0.9550191991223258,0.6177484204480184,11,10,2009-04-17,False,kospi_natr,1998-04-21,2026-07-28,True,,regenerated_from_extended_frozen,2008-04-01,2009-04-03,6c30689587cbabe2e8fb880d2075c96b1ca76d99f7c94db4d30fb44155aa4cf0,True
kospi_natr_n80__NATR80_EMA40_W480_S75_E40__c6632f67909c,kospi_natr,KOSPI NATR Signal,level,,kospi_natr_n80,higher_is_safer,safe = -(100 * Wilder_ATR / kospi_close),NATR80_EMA40_W480_S75_E40,"{""ema_span"":40,""end_q"":0.4,""natr_n"":80,""start_q"":0.75,""window"":480}",265b4c5c4c3c2f074db5faa15475a470046a982f6d2890532182922a398cc9b4,1998-05-07,2026-07-28,6954,7292,338,0.9536478332419089,0.6046879493816508,11,10,2009-04-17,False,kospi_natr,1998-05-07,2026-07-28,True,,regenerated_from_extended_frozen,2008-04-01,2009-04-17,c69acb05f36902b625b6797fbffa2d94879cd8789ad062c63788c7d793c78b03,True
kospi_hv_n20__HV20_EMA5_W120_S50_E10__2ec36ee068a2,kospi_hv,KOSPI HV_N Signal,level,,kospi_hv_n20,higher_is_safer,"safe = -(rolling_std(log_return, N, ddof=1) * sqrt(252))",HV20_EMA5_W120_S50_E10,"{""ema_span"":5,""end_q"":0.1,""hv_n"":20,""start_q"":0.5,""window"":120}",d83509a4e580606283a23c241cc640c2566b719e605762deb39716e9106b1001,1997-04-14,2026-07-28,7210,7292,82,0.9887547997805815,0.6251040221914008,50,50,2009-04-17,False,kospi_hv,1997-04-14,2026-07-28,True,,regenerated_from_extended_frozen,2008-04-01,2008-04-07,b70edcb704b4fd98415777da6e45f39a1b8589cba4ed81e4a21982047905b339,True
kospi_hv_n80__HV80_EMA10_W120_S90_E65__09d89fcd32af,kospi_hv,KOSPI HV_N Signal,level,,kospi_hv_n80,higher_is_safer,"safe = -(rolling_std(log_return, N, ddof=1) * sqrt(252))",HV80_EMA10_W120_S90_E65,"{""ema_span"":10,""end_q"":0.65,""hv_n"":80,""start_q"":0.9,""window"":120}",8f87c348866ca5c85d5e7f26fdd89cd2cd85d3147ca45166e14627f007d399b8,1997-07-15,2026-07-28,7148,7292,144,0.9802523313219967,0.5352546166759933,36,35,2009-04-17,False,kospi_hv,1997-07-15,2026-07-28,True,,regenerated_from_extended_frozen,2008-04-01,2008-07-09,9eafd778fceef63414d2fca2f0d410ddd1d658b987ab5679076ac7c614344245,True
kospi_hv_n80__HV80_EMA20_W480_S50_E10__bb2b7f42ca2a,kospi_hv,KOSPI HV_N Signal,level,,kospi_hv_n80,higher_is_safer,"safe = -(rolling_std(log_return, N, ddof=1) * sqrt(252))",HV80_EMA20_W480_S50_E10,"{""ema_span"":20,""end_q"":0.1,""hv_n"":80,""start_q"":0.5,""window"":480}",6b1f4690664a50f15a5be330f0296be10ee59916e45c3e81906b8374be01e25d,1998-04-22,2026-07-28,6963,7292,329,0.9548820625342841,0.6119488726123797,11,10,2009-04-17,False,kospi_hv,1998-04-22,2026-07-28,True,,regenerated_from_extended_frozen,2008-04-01,2009-04-06,6e718e85dfadf2bf909ab1f09ede83ecc82a11ca64c569493db527c85df3c278,True
