parent_candidate_id,child_order,child_canonical_parent_id,child_component_ids_key,child_K,child_L,child_n
6b4595522bbed808d41be978,1,2c691aeca25e4a6ef7157ef4,snp__global_credit_stress__EMA40_W60_S50_E10|snp__snp_bollinger__BBW160_STD2p5|snp__snp_breadth__EMA80_W120_S35_E25|snp__snp_hv__HV20_EMA5_W60_S75_E40|snp__snp_index_level__EMA10_W480_S90_E10|snp__snp_natr__NATR20_EMA1_W240_S20_E10|snp__snp_rsi__RSI28_LB160_Q10_80|snp__us_10y_2y_spread__EMA40_W60_S75_E25|snp__us_10y_3m_spread__EMA20_W240_S90_E10|snp__us_10y_nominal_yield_slope__SW160_EMA40_W240_S90_E80|snp__us_10y_real_yield__EMA10_W30_S75_E25|snp__us_hy_oas__EMA40_W480_S50_E10|snp__us_ig_oas__EMA40_W120_S75_E65|snp__vix_level__EMA80_W240_S50_E25|snp__vix_spread__EMA80_W30_S90_E10,9,6,15
6b4595522bbed808d41be978,2,5629145ac2d757fcfba9bd68,snp__global_credit_stress__EMA40_W60_S50_E10|snp__snp_breadth__EMA80_W120_S35_E25|snp__snp_hv__HV20_EMA5_W60_S75_E40|snp__snp_index_level__EMA10_W480_S90_E10|snp__snp_natr__NATR20_EMA1_W240_S20_E10|snp__snp_rsi__RSI28_LB160_Q10_80|snp__us_10y_2y_spread__EMA40_W60_S75_E25|snp__us_10y_3m_spread__EMA20_W240_S90_E10|snp__us_10y_nominal_yield_slope__SW160_EMA40_W240_S90_E80|snp__us_10y_real_yield__EMA10_W30_S75_E25|snp__us_hy_oas__EMA40_W480_S50_E10|snp__us_ig_oas__EMA40_W120_S75_E65|snp__vix_level__EMA40_W240_S50_E25|snp__vix_spread__EMA80_W30_S90_E10,9,6,14
6b4595522bbed808d41be978,3,d785708cd57a64b0f55932ab,snp__global_credit_stress__EMA80_W60_S75_E10|snp__snp_breadth__EMA80_W120_S35_E25|snp__snp_hv__HV40_EMA80_W120_S90_E40|snp__snp_index_level__EMA10_W240_S75_E65|snp__snp_natr__NATR20_EMA1_W240_S20_E10|snp__snp_rsi__RSI56_LB80_Q10_70|snp__us_10y_2y_spread__EMA40_W30_S35_E25|snp__us_10y_3m_spread__EMA20_W240_S90_E10|snp__us_10y_nominal_yield_slope__SW20_EMA10_W60_S90_E40|snp__us_10y_real_yield__EMA80_W30_S35_E25|snp__vix_spread__EMA80_W30_S90_E10,7,4,11
6b4595522bbed808d41be978,4,3e12d084c6d477f9341a659b,snp__global_credit_stress__EMA80_W60_S75_E10|snp__snp_breadth__EMA80_W120_S35_E25|snp__snp_hv__HV40_EMA80_W120_S90_E40|snp__snp_index_level__EMA10_W240_S75_E65|snp__snp_natr__NATR20_EMA1_W240_S20_E10|snp__snp_rsi__RSI56_LB80_Q10_70|snp__us_10y_2y_spread__EMA40_W30_S35_E25|snp__us_10y_3m_spread__EMA20_W240_S90_E10|snp__us_10y_nominal_yield_slope__SW20_EMA10_W60_S90_E40|snp__us_10y_real_yield__EMA80_W30_S35_E25|snp__us_ig_oas__EMA40_W120_S75_E65|snp__vix_spread__EMA80_W30_S90_E10,7,5,12
6b4595522bbed808d41be978,5,a1da1c07b14fb17db65d74cc,snp__global_credit_stress__EMA40_W60_S50_E10|snp__snp_bollinger__BBW80_STD2p5|snp__snp_hv__HV20_EMA5_W60_S75_E40|snp__snp_index_level__EMA10_W480_S90_E10|snp__snp_natr__NATR20_EMA1_W240_S20_E10|snp__snp_rsi__RSI28_LB160_Q10_80|snp__us_10y_2y_spread__EMA40_W60_S75_E25|snp__us_10y_3m_spread__EMA20_W240_S90_E10|snp__us_10y_nominal_yield_slope__SW160_EMA40_W240_S90_E80|snp__us_hy_oas__EMA80_W120_S35_E25|snp__us_ig_oas__EMA40_W120_S75_E65|snp__vix_spread__EMA80_W30_S90_E10,7,5,12
6b4595522bbed808d41be978,6,6e5b02757a8ee4ed06803c5c,snp__global_credit_stress__EMA40_W60_S50_E10|snp__snp_bollinger__BBW160_STD2p5|snp__snp_breadth__EMA80_W120_S35_E25|snp__snp_index_level__EMA10_W240_S75_E65|snp__snp_natr__NATR20_EMA1_W240_S20_E10|snp__snp_rsi__RSI56_LB80_Q10_70|snp__us_10y_2y_spread__EMA40_W30_S35_E25|snp__us_10y_3m_spread__EMA20_W240_S90_E10|snp__us_10y_nominal_yield_slope__SW20_EMA10_W60_S90_E40|snp__us_10y_real_yield__EMA80_W30_S35_E25|snp__us_hy_oas__EMA80_W120_S35_E25|snp__vix_spread__EMA80_W240_S75_E40,7,5,12
6b4595522bbed808d41be978,7,0a43441d1fc40aeebbdf6ae6,snp__global_credit_stress__EMA80_W60_S75_E10|snp__snp_breadth__EMA80_W120_S35_E25|snp__snp_index_level__EMA10_W240_S75_E65|snp__snp_natr__NATR40_EMA20_W60_S50_E25|snp__snp_rsi__RSI56_LB320_Q30_90|snp__us_10y_2y_spread__EMA40_W30_S35_E25|snp__us_10y_3m_spread__EMA20_W240_S90_E10|snp__us_10y_nominal_yield_slope__SW20_EMA10_W60_S90_E40|snp__us_10y_real_yield__EMA80_W30_S35_E25|snp__us_ig_oas__EMA40_W120_S75_E65|snp__vix_spread__EMA80_W30_S90_E10,6,4,11
6b4595522bbed808d41be978,8,201404c81d4be42fc0e54ddb,snp__global_credit_stress__EMA40_W60_S50_E10|snp__snp_breadth__EMA80_W120_S35_E25|snp__snp_hv__HV20_EMA5_W60_S75_E40|snp__snp_index_level__EMA10_W480_S90_E10|snp__snp_natr__NATR20_EMA1_W240_S20_E10|snp__us_10y_2y_spread__EMA40_W60_S75_E25|snp__us_10y_3m_spread__EMA20_W240_S90_E10|snp__us_10y_nominal_yield_slope__SW160_EMA40_W240_S90_E80|snp__us_10y_real_yield__EMA10_W30_S75_E25|snp__us_ig_oas__EMA40_W120_S75_E65|snp__vix_spread__EMA80_W30_S90_E10,7,5,11
6b4595522bbed808d41be978,9,63785480da8b6d41bdd69953,snp__global_credit_stress__EMA80_W60_S75_E10|snp__snp_index_level__EMA10_W480_S90_E10|snp__snp_natr__NATR20_EMA1_W240_S20_E10|snp__us_10y_3m_spread__EMA40_W60_S50_E10|snp__us_10y_nominal_yield_slope__SW40_EMA1_W120_S35_E25|snp__vix_level__EMA80_W240_S35_E25|snp__vix_spread__EMA80_W30_S90_E10,4,2,7
6b4595522bbed808d41be978,10,dd88950fba3894d8e3e52b0d,snp__global_credit_stress__EMA80_W60_S75_E10|snp__snp_bollinger__BBW80_STD2p5|snp__snp_index_level__EMA10_W240_S75_E65|snp__snp_natr__NATR20_EMA1_W240_S20_E10|snp__snp_rsi__RSI28_LB160_Q10_80|snp__us_10y_3m_spread__EMA40_W60_S50_E10|snp__us_10y_nominal_yield_slope__SW40_EMA1_W120_S35_E25|snp__vix_level__EMA80_W240_S35_E25|snp__vix_spread__EMA80_W30_S90_E10,5,3,9
6b4595522bbed808d41be978,11,82cd8c47cff0e20b2ae07f09,snp__global_credit_stress__EMA40_W60_S50_E10|snp__snp_bollinger__BBW160_STD2p5|snp__snp_breadth__EMA80_W120_S35_E25|snp__snp_hv__HV20_EMA5_W60_S75_E40|snp__snp_index_level__EMA10_W240_S75_E65|snp__snp_natr__NATR20_EMA1_W240_S20_E10|snp__snp_rsi__RSI56_LB80_Q10_70|snp__us_10y_2y_spread__EMA40_W30_S35_E25|snp__us_10y_3m_spread__EMA20_W240_S90_E10|snp__us_10y_nominal_yield_slope__SW20_EMA10_W60_S90_E40|snp__us_10y_real_yield__EMA80_W30_S35_E25|snp__us_hy_oas__EMA80_W120_S35_E25|snp__vix_level__EMA80_W240_S50_E25|snp__vix_spread__EMA80_W240_S75_E40,8,6,14
6b4595522bbed808d41be978,12,9b0bf6eb468f0e0f9ead4022,snp__global_credit_stress__EMA80_W60_S75_E10|snp__snp_breadth__EMA80_W120_S35_E25|snp__snp_hv__HV80_EMA80_W60_S50_E25|snp__snp_index_level__EMA10_W240_S75_E65|snp__snp_natr__NATR20_EMA1_W240_S20_E10|snp__snp_rsi__RSI56_LB80_Q10_70|snp__us_10y_2y_spread__EMA40_W30_S35_E25|snp__us_10y_3m_spread__EMA20_W240_S90_E10|snp__us_10y_nominal_yield_slope__SW20_EMA10_W60_S90_E40|snp__us_10y_real_yield__EMA80_W30_S35_E25|snp__us_hy_oas__EMA5_W30_S90_E40|snp__us_ig_oas__EMA40_W120_S75_E65|snp__vix_spread__EMA20_W60_S50_E25,8,6,13
6b4595522bbed808d41be978,13,daa4abf0e7d4ade38612c649,snp__snp_breadth__EMA40_W480_S35_E10|snp__snp_index_level__EMA10_W240_S75_E65|snp__snp_natr__NATR20_EMA1_W240_S20_E10|snp__snp_rsi__RSI56_LB320_Q30_90|snp__us_10y_nominal_yield_slope__SW20_EMA10_W60_S90_E40|snp__us_10y_real_yield__EMA80_W30_S35_E25,3,1,6
c9d4c64e586e2e9f8fb2cff1,1,81c47ccd867408a8a0cbc27a,snp__snp_index_level__EMA10_W240_S75_E65|snp__snp_natr__NATR20_EMA1_W240_S20_E10|snp__us_10y_3m_spread__EMA40_W60_S50_E10|snp__us_10y_nominal_yield_slope__SW20_EMA10_W60_S90_E40|snp__us_10y_real_yield__EMA80_W30_S35_E25,3,1,5
c9d4c64e586e2e9f8fb2cff1,2,0690ea14bbbf574ceded9d03,snp__snp_bollinger__BBW80_STD2p5|snp__snp_breadth__EMA40_W480_S35_E10|snp__snp_hv__HV20_EMA5_W60_S75_E40|snp__snp_index_level__EMA10_W480_S90_E10|snp__snp_natr__NATR80_EMA20_W60_S35_E25|snp__snp_rsi__RSI28_LB160_Q10_80|snp__us_10y_2y_spread__EMA40_W60_S75_E25|snp__us_10y_3m_spread__EMA20_W240_S90_E10|snp__us_10y_nominal_yield_slope__SW160_EMA40_W240_S90_E80|snp__vix_level__EMA80_W240_S35_E25|snp__vix_spread__EMA80_W30_S90_E10,6,4,11
c9d4c64e586e2e9f8fb2cff1,3,6e5b02757a8ee4ed06803c5c,snp__global_credit_stress__EMA40_W60_S50_E10|snp__snp_bollinger__BBW160_STD2p5|snp__snp_breadth__EMA80_W120_S35_E25|snp__snp_index_level__EMA10_W240_S75_E65|snp__snp_natr__NATR20_EMA1_W240_S20_E10|snp__snp_rsi__RSI56_LB80_Q10_70|snp__us_10y_2y_spread__EMA40_W30_S35_E25|snp__us_10y_3m_spread__EMA20_W240_S90_E10|snp__us_10y_nominal_yield_slope__SW20_EMA10_W60_S90_E40|snp__us_10y_real_yield__EMA80_W30_S35_E25|snp__us_hy_oas__EMA80_W120_S35_E25|snp__vix_spread__EMA80_W240_S75_E40,7,5,12
c9d4c64e586e2e9f8fb2cff1,4,0a43441d1fc40aeebbdf6ae6,snp__global_credit_stress__EMA80_W60_S75_E10|snp__snp_breadth__EMA80_W120_S35_E25|snp__snp_index_level__EMA10_W240_S75_E65|snp__snp_natr__NATR40_EMA20_W60_S50_E25|snp__snp_rsi__RSI56_LB320_Q30_90|snp__us_10y_2y_spread__EMA40_W30_S35_E25|snp__us_10y_3m_spread__EMA20_W240_S90_E10|snp__us_10y_nominal_yield_slope__SW20_EMA10_W60_S90_E40|snp__us_10y_real_yield__EMA80_W30_S35_E25|snp__us_ig_oas__EMA40_W120_S75_E65|snp__vix_spread__EMA80_W30_S90_E10,6,4,11
c9d4c64e586e2e9f8fb2cff1,5,0c48c5bacd0696b66af5ed1c,snp__global_credit_stress__EMA80_W60_S75_E10|snp__snp_bollinger__BBW80_STD2p5|snp__snp_natr__NATR20_EMA1_W240_S20_E10|snp__snp_rsi__RSI28_LB160_Q10_80|snp__us_10y_3m_spread__EMA40_W60_S50_E10|snp__us_10y_nominal_yield_slope__SW40_EMA1_W120_S35_E25|snp__vix_level__EMA80_W240_S35_E25|snp__vix_spread__EMA80_W30_S90_E10,4,2,8
c9d4c64e586e2e9f8fb2cff1,6,87613cddc0e7cdb24237e423,snp__global_credit_stress__EMA5_W480_S90_E80|snp__snp_bollinger__BBW80_STD2p5|snp__snp_hv__HV20_EMA5_W60_S75_E40|snp__snp_index_level__EMA80_W60_S90_E65|snp__snp_rsi__RSI28_LB160_Q10_80|snp__us_10y_2y_spread__EMA40_W60_S75_E25|snp__us_10y_3m_spread__EMA20_W240_S90_E10|snp__us_10y_nominal_yield_slope__SW160_EMA40_W240_S90_E80|snp__us_hy_oas__EMA40_W60_S35_E25|snp__vix_spread__EMA80_W30_S90_E10,6,4,10
146a32d0a91c4e8068ff600e,1,0690ea14bbbf574ceded9d03,snp__snp_bollinger__BBW80_STD2p5|snp__snp_breadth__EMA40_W480_S35_E10|snp__snp_hv__HV20_EMA5_W60_S75_E40|snp__snp_index_level__EMA10_W480_S90_E10|snp__snp_natr__NATR80_EMA20_W60_S35_E25|snp__snp_rsi__RSI28_LB160_Q10_80|snp__us_10y_2y_spread__EMA40_W60_S75_E25|snp__us_10y_3m_spread__EMA20_W240_S90_E10|snp__us_10y_nominal_yield_slope__SW160_EMA40_W240_S90_E80|snp__vix_level__EMA80_W240_S35_E25|snp__vix_spread__EMA80_W30_S90_E10,6,4,11
146a32d0a91c4e8068ff600e,2,e4ad56aa66de8a3f2fb7c645,snp__global_credit_stress__EMA40_W60_S50_E10|snp__snp_bollinger__BBW80_STD2p5|snp__snp_breadth__EMA40_W480_S35_E10|snp__snp_hv__HV20_EMA5_W60_S75_E40|snp__snp_index_level__EMA10_W480_S90_E10|snp__snp_rsi__RSI28_LB160_Q10_80|snp__us_10y_2y_spread__EMA40_W30_S35_E25|snp__us_10y_3m_spread__EMA20_W240_S90_E10|snp__us_10y_nominal_yield_slope__SW160_EMA40_W240_S90_E80|snp__vix_level__EMA80_W240_S35_E25|snp__vix_spread__EMA80_W30_S90_E10,6,4,11
146a32d0a91c4e8068ff600e,3,0a43441d1fc40aeebbdf6ae6,snp__global_credit_stress__EMA80_W60_S75_E10|snp__snp_breadth__EMA80_W120_S35_E25|snp__snp_index_level__EMA10_W240_S75_E65|snp__snp_natr__NATR40_EMA20_W60_S50_E25|snp__snp_rsi__RSI56_LB320_Q30_90|snp__us_10y_2y_spread__EMA40_W30_S35_E25|snp__us_10y_3m_spread__EMA20_W240_S90_E10|snp__us_10y_nominal_yield_slope__SW20_EMA10_W60_S90_E40|snp__us_10y_real_yield__EMA80_W30_S35_E25|snp__us_ig_oas__EMA40_W120_S75_E65|snp__vix_spread__EMA80_W30_S90_E10,6,4,11
146a32d0a91c4e8068ff600e,4,201404c81d4be42fc0e54ddb,snp__global_credit_stress__EMA40_W60_S50_E10|snp__snp_breadth__EMA80_W120_S35_E25|snp__snp_hv__HV20_EMA5_W60_S75_E40|snp__snp_index_level__EMA10_W480_S90_E10|snp__snp_natr__NATR20_EMA1_W240_S20_E10|snp__us_10y_2y_spread__EMA40_W60_S75_E25|snp__us_10y_3m_spread__EMA20_W240_S90_E10|snp__us_10y_nominal_yield_slope__SW160_EMA40_W240_S90_E80|snp__us_10y_real_yield__EMA10_W30_S75_E25|snp__us_ig_oas__EMA40_W120_S75_E65|snp__vix_spread__EMA80_W30_S90_E10,7,5,11
146a32d0a91c4e8068ff600e,5,87613cddc0e7cdb24237e423,snp__global_credit_stress__EMA5_W480_S90_E80|snp__snp_bollinger__BBW80_STD2p5|snp__snp_hv__HV20_EMA5_W60_S75_E40|snp__snp_index_level__EMA80_W60_S90_E65|snp__snp_rsi__RSI28_LB160_Q10_80|snp__us_10y_2y_spread__EMA40_W60_S75_E25|snp__us_10y_3m_spread__EMA20_W240_S90_E10|snp__us_10y_nominal_yield_slope__SW160_EMA40_W240_S90_E80|snp__us_hy_oas__EMA40_W60_S35_E25|snp__vix_spread__EMA80_W30_S90_E10,6,4,10
146a32d0a91c4e8068ff600e,6,c1cc6ea8f2ec0b4f5b9abc0a,snp__global_credit_stress__EMA80_W60_S75_E10|snp__snp_breadth__EMA40_W480_S35_E10|snp__snp_hv__HV20_EMA5_W60_S75_E40|snp__snp_index_level__EMA10_W480_S90_E10|snp__snp_natr__NATR20_EMA1_W240_S20_E10|snp__snp_rsi__RSI56_LB80_Q10_70|snp__us_10y_2y_spread__EMA20_W240_S90_E10|snp__us_10y_3m_spread__EMA20_W240_S90_E10|snp__us_10y_nominal_yield_slope__SW160_EMA40_W240_S90_E80|snp__us_10y_real_yield__EMA80_W30_S35_E25|snp__us_hy_oas__EMA5_W30_S90_E40|snp__us_ig_oas__EMA40_W120_S75_E65|snp__vix_level__EMA80_W240_S50_E25|snp__vix_spread__EMA80_W30_S90_E10,8,6,14
146a32d0a91c4e8068ff600e,7,09908da403813cec358db379,snp__snp_bollinger__BBW20_STD2p5|snp__snp_breadth__EMA40_W480_S35_E10|snp__snp_index_level__EMA10_W240_S75_E65|snp__snp_natr__NATR40_EMA20_W60_S50_E25|snp__snp_rsi__RSI56_LB320_Q30_90|snp__us_10y_3m_spread__EMA20_W240_S90_E10|snp__us_10y_nominal_yield_slope__SW20_EMA10_W60_S90_E40|snp__us_10y_real_yield__EMA80_W30_S35_E25|snp__us_hy_oas__EMA5_W30_S90_E40|snp__us_ig_oas__EMA40_W120_S75_E65|snp__vix_spread__EMA80_W30_S90_E10,6,4,11
146a32d0a91c4e8068ff600e,8,4999b578393c6aafe53e9c72,snp__global_credit_stress__EMA80_W60_S75_E10|snp__snp_bollinger__BBW160_STD2p5|snp__snp_breadth__EMA40_W480_S35_E10|snp__snp_hv__HV20_EMA5_W60_S75_E40|snp__snp_index_level__EMA10_W480_S90_E10|snp__snp_rsi__RSI56_LB80_Q10_70|snp__us_10y_2y_spread__EMA20_W240_S90_E10|snp__us_10y_3m_spread__EMA20_W240_S90_E10|snp__us_10y_nominal_yield_slope__SW160_EMA40_W240_S90_E80|snp__us_10y_real_yield__EMA80_W30_S35_E25|snp__us_hy_oas__EMA5_W30_S90_E40|snp__us_ig_oas__EMA40_W120_S75_E65|snp__vix_level__EMA80_W240_S50_E25|snp__vix_spread__EMA80_W30_S90_E10,8,6,14
146a32d0a91c4e8068ff600e,9,f1375c63b6a3f014616af1f9,snp__global_credit_stress__EMA40_W60_S50_E10|snp__snp_bollinger__BBW20_STD2p5|snp__snp_breadth__EMA80_W120_S35_E25|snp__snp_hv__HV40_EMA80_W120_S90_E40|snp__snp_index_level__EMA10_W240_S75_E65|snp__snp_natr__NATR20_EMA1_W240_S20_E10|snp__snp_rsi__RSI28_LB160_Q10_80|snp__us_10y_2y_spread__EMA40_W30_S35_E25|snp__us_10y_3m_spread__EMA20_W240_S90_E10|snp__us_10y_nominal_yield_slope__SW20_EMA10_W60_S90_E40|snp__us_10y_real_yield__EMA80_W120_S90_E65|snp__us_hy_oas__EMA40_W480_S50_E10|snp__us_ig_oas__EMA40_W120_S75_E65|snp__vix_level__EMA80_W30_S90_E40|snp__vix_spread__EMA80_W30_S90_E10,9,7,15
146a32d0a91c4e8068ff600e,10,5ff021464d1763b21e3e44ef,snp__global_credit_stress__EMA80_W60_S75_E10|snp__snp_bollinger__BBW40_STD2p5|snp__snp_breadth__EMA80_W120_S35_E25|snp__snp_hv__HV80_EMA80_W60_S50_E25|snp__snp_index_level__EMA10_W240_S75_E65|snp__snp_natr__NATR20_EMA1_W240_S20_E10|snp__snp_rsi__RSI56_LB80_Q10_70|snp__us_10y_2y_spread__EMA40_W30_S35_E25|snp__us_10y_3m_spread__EMA20_W240_S90_E10|snp__us_10y_nominal_yield_slope__SW20_EMA10_W60_S90_E40|snp__us_10y_real_yield__EMA80_W30_S35_E25|snp__vix_spread__EMA80_W30_S90_E10,7,5,12
56965121941b6abcf928fe96,1,0fbef7e264dae735435ae46b,snp__snp_index_level__EMA10_W240_S75_E65|snp__snp_natr__NATR20_EMA1_W240_S20_E10|snp__snp_rsi__RSI56_LB320_Q30_90|snp__us_10y_3m_spread__EMA40_W60_S50_E10|snp__us_10y_nominal_yield_slope__SW20_EMA10_W60_S90_E40|snp__us_10y_real_yield__EMA80_W30_S35_E25|snp__us_hy_oas__EMA80_W120_S35_E25,4,2,7
56965121941b6abcf928fe96,2,81c47ccd867408a8a0cbc27a,snp__snp_index_level__EMA10_W240_S75_E65|snp__snp_natr__NATR20_EMA1_W240_S20_E10|snp__us_10y_3m_spread__EMA40_W60_S50_E10|snp__us_10y_nominal_yield_slope__SW20_EMA10_W60_S90_E40|snp__us_10y_real_yield__EMA80_W30_S35_E25,3,1,5
56965121941b6abcf928fe96,3,065ce831d5ea5b5d4e732653,snp__global_credit_stress__EMA80_W60_S75_E10|snp__snp_index_level__EMA10_W240_S75_E65|snp__snp_natr__NATR20_EMA1_W240_S20_E10|snp__us_10y_3m_spread__EMA40_W60_S50_E10|snp__us_10y_nominal_yield_slope__SW20_EMA10_W60_S90_E40,3,1,5
56965121941b6abcf928fe96,4,d785708cd57a64b0f55932ab,snp__global_credit_stress__EMA80_W60_S75_E10|snp__snp_breadth__EMA80_W120_S35_E25|snp__snp_hv__HV40_EMA80_W120_S90_E40|snp__snp_index_level__EMA10_W240_S75_E65|snp__snp_natr__NATR20_EMA1_W240_S20_E10|snp__snp_rsi__RSI56_LB80_Q10_70|snp__us_10y_2y_spread__EMA40_W30_S35_E25|snp__us_10y_3m_spread__EMA20_W240_S90_E10|snp__us_10y_nominal_yield_slope__SW20_EMA10_W60_S90_E40|snp__us_10y_real_yield__EMA80_W30_S35_E25|snp__vix_spread__EMA80_W30_S90_E10,7,4,11
56965121941b6abcf928fe96,5,62dfa48786fb4640af4ed5ed,snp__global_credit_stress__EMA80_W60_S75_E10|snp__snp_bollinger__BBW160_STD2p5|snp__snp_breadth__EMA80_W120_S35_E25|snp__snp_hv__HV80_EMA80_W60_S50_E25|snp__snp_index_level__EMA10_W480_S90_E10|snp__snp_natr__NATR20_EMA1_W240_S20_E10|snp__snp_rsi__RSI56_LB80_Q10_70|snp__us_10y_2y_spread__EMA40_W30_S35_E25|snp__us_10y_3m_spread__EMA20_W240_S90_E10|snp__us_10y_nominal_yield_slope__SW160_EMA40_W240_S90_E80|snp__us_10y_real_yield__EMA10_W30_S75_E25|snp__us_hy_oas__EMA40_W480_S50_E10|snp__vix_level__EMA80_W30_S90_E40|snp__vix_spread__EMA80_W30_S90_E10,9,6,14
56965121941b6abcf928fe96,6,e4ad56aa66de8a3f2fb7c645,snp__global_credit_stress__EMA40_W60_S50_E10|snp__snp_bollinger__BBW80_STD2p5|snp__snp_breadth__EMA40_W480_S35_E10|snp__snp_hv__HV20_EMA5_W60_S75_E40|snp__snp_index_level__EMA10_W480_S90_E10|snp__snp_rsi__RSI28_LB160_Q10_80|snp__us_10y_2y_spread__EMA40_W30_S35_E25|snp__us_10y_3m_spread__EMA20_W240_S90_E10|snp__us_10y_nominal_yield_slope__SW160_EMA40_W240_S90_E80|snp__vix_level__EMA80_W240_S35_E25|snp__vix_spread__EMA80_W30_S90_E10,6,4,11
56965121941b6abcf928fe96,7,646c568fa2f6f9868487b327,snp__global_credit_stress__EMA40_W60_S50_E10|snp__snp_breadth__EMA40_W480_S35_E10|snp__snp_hv__HV20_EMA5_W60_S75_E40|snp__snp_index_level__EMA10_W480_S90_E10|snp__snp_natr__NATR20_EMA1_W240_S20_E10|snp__snp_rsi__RSI28_LB160_Q10_80|snp__us_10y_2y_spread__EMA40_W30_S35_E25|snp__us_10y_3m_spread__EMA20_W240_S90_E10|snp__us_10y_nominal_yield_slope__SW160_EMA40_W240_S90_E80|snp__vix_spread__EMA80_W30_S90_E10,6,3,10
56965121941b6abcf928fe96,8,6e5b02757a8ee4ed06803c5c,snp__global_credit_stress__EMA40_W60_S50_E10|snp__snp_bollinger__BBW160_STD2p5|snp__snp_breadth__EMA80_W120_S35_E25|snp__snp_index_level__EMA10_W240_S75_E65|snp__snp_natr__NATR20_EMA1_W240_S20_E10|snp__snp_rsi__RSI56_LB80_Q10_70|snp__us_10y_2y_spread__EMA40_W30_S35_E25|snp__us_10y_3m_spread__EMA20_W240_S90_E10|snp__us_10y_nominal_yield_slope__SW20_EMA10_W60_S90_E40|snp__us_10y_real_yield__EMA80_W30_S35_E25|snp__us_hy_oas__EMA80_W120_S35_E25|snp__vix_spread__EMA80_W240_S75_E40,7,5,12
56965121941b6abcf928fe96,9,0a43441d1fc40aeebbdf6ae6,snp__global_credit_stress__EMA80_W60_S75_E10|snp__snp_breadth__EMA80_W120_S35_E25|snp__snp_index_level__EMA10_W240_S75_E65|snp__snp_natr__NATR40_EMA20_W60_S50_E25|snp__snp_rsi__RSI56_LB320_Q30_90|snp__us_10y_2y_spread__EMA40_W30_S35_E25|snp__us_10y_3m_spread__EMA20_W240_S90_E10|snp__us_10y_nominal_yield_slope__SW20_EMA10_W60_S90_E40|snp__us_10y_real_yield__EMA80_W30_S35_E25|snp__us_ig_oas__EMA40_W120_S75_E65|snp__vix_spread__EMA80_W30_S90_E10,6,4,11
56965121941b6abcf928fe96,10,87613cddc0e7cdb24237e423,snp__global_credit_stress__EMA5_W480_S90_E80|snp__snp_bollinger__BBW80_STD2p5|snp__snp_hv__HV20_EMA5_W60_S75_E40|snp__snp_index_level__EMA80_W60_S90_E65|snp__snp_rsi__RSI28_LB160_Q10_80|snp__us_10y_2y_spread__EMA40_W60_S75_E25|snp__us_10y_3m_spread__EMA20_W240_S90_E10|snp__us_10y_nominal_yield_slope__SW160_EMA40_W240_S90_E80|snp__us_hy_oas__EMA40_W60_S35_E25|snp__vix_spread__EMA80_W30_S90_E10,6,4,10
56965121941b6abcf928fe96,11,6d508c57fad21a61d538766b,snp__global_credit_stress__EMA80_W60_S75_E10|snp__snp_breadth__EMA80_W120_S35_E25|snp__snp_index_level__EMA10_W240_S75_E65|snp__snp_natr__NATR20_EMA1_W240_S20_E10|snp__us_10y_3m_spread__EMA40_W60_S50_E10|snp__us_10y_nominal_yield_slope__SW20_EMA10_W60_S90_E40,3,2,6
56965121941b6abcf928fe96,12,4999b578393c6aafe53e9c72,snp__global_credit_stress__EMA80_W60_S75_E10|snp__snp_bollinger__BBW160_STD2p5|snp__snp_breadth__EMA40_W480_S35_E10|snp__snp_hv__HV20_EMA5_W60_S75_E40|snp__snp_index_level__EMA10_W480_S90_E10|snp__snp_rsi__RSI56_LB80_Q10_70|snp__us_10y_2y_spread__EMA20_W240_S90_E10|snp__us_10y_3m_spread__EMA20_W240_S90_E10|snp__us_10y_nominal_yield_slope__SW160_EMA40_W240_S90_E80|snp__us_10y_real_yield__EMA80_W30_S35_E25|snp__us_hy_oas__EMA5_W30_S90_E40|snp__us_ig_oas__EMA40_W120_S75_E65|snp__vix_level__EMA80_W240_S50_E25|snp__vix_spread__EMA80_W30_S90_E10,8,6,14
56965121941b6abcf928fe96,13,5ff021464d1763b21e3e44ef,snp__global_credit_stress__EMA80_W60_S75_E10|snp__snp_bollinger__BBW40_STD2p5|snp__snp_breadth__EMA80_W120_S35_E25|snp__snp_hv__HV80_EMA80_W60_S50_E25|snp__snp_index_level__EMA10_W240_S75_E65|snp__snp_natr__NATR20_EMA1_W240_S20_E10|snp__snp_rsi__RSI56_LB80_Q10_70|snp__us_10y_2y_spread__EMA40_W30_S35_E25|snp__us_10y_3m_spread__EMA20_W240_S90_E10|snp__us_10y_nominal_yield_slope__SW20_EMA10_W60_S90_E40|snp__us_10y_real_yield__EMA80_W30_S35_E25|snp__vix_spread__EMA80_W30_S90_E10,7,5,12
b524905cfdecdc45c5cfc205,1,0fbef7e264dae735435ae46b,snp__snp_index_level__EMA10_W240_S75_E65|snp__snp_natr__NATR20_EMA1_W240_S20_E10|snp__snp_rsi__RSI56_LB320_Q30_90|snp__us_10y_3m_spread__EMA40_W60_S50_E10|snp__us_10y_nominal_yield_slope__SW20_EMA10_W60_S90_E40|snp__us_10y_real_yield__EMA80_W30_S35_E25|snp__us_hy_oas__EMA80_W120_S35_E25,4,2,7
b524905cfdecdc45c5cfc205,2,0690ea14bbbf574ceded9d03,snp__snp_bollinger__BBW80_STD2p5|snp__snp_breadth__EMA40_W480_S35_E10|snp__snp_hv__HV20_EMA5_W60_S75_E40|snp__snp_index_level__EMA10_W480_S90_E10|snp__snp_natr__NATR80_EMA20_W60_S35_E25|snp__snp_rsi__RSI28_LB160_Q10_80|snp__us_10y_2y_spread__EMA40_W60_S75_E25|snp__us_10y_3m_spread__EMA20_W240_S90_E10|snp__us_10y_nominal_yield_slope__SW160_EMA40_W240_S90_E80|snp__vix_level__EMA80_W240_S35_E25|snp__vix_spread__EMA80_W30_S90_E10,6,4,11
b524905cfdecdc45c5cfc205,3,e4ad56aa66de8a3f2fb7c645,snp__global_credit_stress__EMA40_W60_S50_E10|snp__snp_bollinger__BBW80_STD2p5|snp__snp_breadth__EMA40_W480_S35_E10|snp__snp_hv__HV20_EMA5_W60_S75_E40|snp__snp_index_level__EMA10_W480_S90_E10|snp__snp_rsi__RSI28_LB160_Q10_80|snp__us_10y_2y_spread__EMA40_W30_S35_E25|snp__us_10y_3m_spread__EMA20_W240_S90_E10|snp__us_10y_nominal_yield_slope__SW160_EMA40_W240_S90_E80|snp__vix_level__EMA80_W240_S35_E25|snp__vix_spread__EMA80_W30_S90_E10,6,4,11
b524905cfdecdc45c5cfc205,4,0a43441d1fc40aeebbdf6ae6,snp__global_credit_stress__EMA80_W60_S75_E10|snp__snp_breadth__EMA80_W120_S35_E25|snp__snp_index_level__EMA10_W240_S75_E65|snp__snp_natr__NATR40_EMA20_W60_S50_E25|snp__snp_rsi__RSI56_LB320_Q30_90|snp__us_10y_2y_spread__EMA40_W30_S35_E25|snp__us_10y_3m_spread__EMA20_W240_S90_E10|snp__us_10y_nominal_yield_slope__SW20_EMA10_W60_S90_E40|snp__us_10y_real_yield__EMA80_W30_S35_E25|snp__us_ig_oas__EMA40_W120_S75_E65|snp__vix_spread__EMA80_W30_S90_E10,6,4,11
b524905cfdecdc45c5cfc205,5,87613cddc0e7cdb24237e423,snp__global_credit_stress__EMA5_W480_S90_E80|snp__snp_bollinger__BBW80_STD2p5|snp__snp_hv__HV20_EMA5_W60_S75_E40|snp__snp_index_level__EMA80_W60_S90_E65|snp__snp_rsi__RSI28_LB160_Q10_80|snp__us_10y_2y_spread__EMA40_W60_S75_E25|snp__us_10y_3m_spread__EMA20_W240_S90_E10|snp__us_10y_nominal_yield_slope__SW160_EMA40_W240_S90_E80|snp__us_hy_oas__EMA40_W60_S35_E25|snp__vix_spread__EMA80_W30_S90_E10,6,4,10
b524905cfdecdc45c5cfc205,6,daa4abf0e7d4ade38612c649,snp__snp_breadth__EMA40_W480_S35_E10|snp__snp_index_level__EMA10_W240_S75_E65|snp__snp_natr__NATR20_EMA1_W240_S20_E10|snp__snp_rsi__RSI56_LB320_Q30_90|snp__us_10y_nominal_yield_slope__SW20_EMA10_W60_S90_E40|snp__us_10y_real_yield__EMA80_W30_S35_E25,3,1,6
