candidate_id,family,selection_type,display_role,display_order,n_or_m,K,L,component_ids_key,short_tier,cagr,mdd,calmar,official_t1_state_sha256,source_rank
da862ec08d016b6f056c71d4,Combo1,Selected,Main1 · 균형형 + 추세지속형,1,15,9,6,snp__global_credit_stress__EMA40_W60_S50_E10|snp__snp_bollinger__BBW20_STD2p5|snp__snp_breadth__EMA80_W120_S35_E25|snp__snp_hv__HV20_EMA5_W60_S75_E40|snp__snp_index_level__EMA10_W240_S75_E65|snp__snp_natr__NATR20_EMA1_W240_S20_E10|snp__snp_rsi__RSI56_LB80_Q10_70|snp__us_10y_2y_spread__EMA40_W30_S35_E25|snp__us_10y_3m_spread__EMA20_W240_S90_E10|snp__us_10y_nominal_yield_slope__SW20_EMA10_W60_S90_E40|snp__us_10y_real_yield__EMA80_W30_S35_E25|snp__us_hy_oas__EMA80_W120_S35_E25|snp__us_ig_oas__EMA20_W30_S90_E25|snp__vix_level__EMA80_W240_S50_E25|snp__vix_spread__EMA80_W240_S75_E40,T1_00_10,0.1783949885598841,-0.0960445475291296,1.8574192200320192,1c182114e4455c5e8d03d5402cd28bdf603e5b309536baaf59f49db87f3262c8,18
e4ad56aa66de8a3f2fb7c645,Combo1,Selected,보수방어형 + 추세지속형,2,11,6,4,snp__global_credit_stress__EMA40_W60_S50_E10|snp__snp_bollinger__BBW80_STD2p5|snp__snp_breadth__EMA40_W480_S35_E10|snp__snp_hv__HV20_EMA5_W60_S75_E40|snp__snp_index_level__EMA10_W480_S90_E10|snp__snp_rsi__RSI28_LB160_Q10_80|snp__us_10y_2y_spread__EMA40_W30_S35_E25|snp__us_10y_3m_spread__EMA20_W240_S90_E10|snp__us_10y_nominal_yield_slope__SW160_EMA40_W240_S90_E80|snp__vix_level__EMA80_W240_S35_E25|snp__vix_spread__EMA80_W30_S90_E10,T1_00_10,0.1715373580838524,-0.0983743747421621,1.7437199324869854,6e3360184f9655cf3ac597bc06246c05f7d5b6ae54a78c5cac8ef068902dae5a,1
f4d9115064635c283f9f04d5,Combo1,Selected,공격진입형,3,11,7,5,snp__global_credit_stress__EMA5_W480_S90_E80|snp__snp_bollinger__BBW80_STD2p5|snp__snp_breadth__EMA20_W240_S90_E10|snp__snp_hv__HV20_EMA5_W60_S75_E40|snp__snp_index_level__EMA80_W60_S90_E65|snp__snp_rsi__RSI28_LB160_Q10_80|snp__us_10y_3m_spread__EMA40_W60_S50_E10|snp__us_10y_nominal_yield_slope__SW160_EMA40_W240_S90_E80|snp__us_hy_oas__EMA80_W120_S35_E25|snp__us_ig_oas__EMA40_W120_S75_E65|snp__vix_spread__EMA80_W30_S90_E10,T1_00_10,0.19039385014773824,-0.09936294686452485,1.916145365609258,db9892a8a8c774ba054694ba3b537404011a9a3338ad77584835f4e6573b4dd7,46
3b836baf07044098ee443d40,Combo1,Selected,보수방어형 + 민감감지형,4,12,7,5,snp__global_credit_stress__EMA40_W60_S50_E10|snp__snp_breadth__EMA40_W480_S35_E10|snp__snp_hv__HV20_EMA5_W60_S75_E40|snp__snp_index_level__EMA10_W480_S90_E10|snp__snp_natr__NATR20_EMA1_W240_S20_E10|snp__us_10y_2y_spread__EMA20_W240_S90_E10|snp__us_10y_3m_spread__EMA20_W240_S90_E10|snp__us_10y_nominal_yield_slope__SW160_EMA40_W240_S90_E80|snp__us_10y_real_yield__EMA80_W30_S35_E25|snp__us_hy_oas__EMA80_W120_S35_E25|snp__us_ig_oas__EMA40_W120_S75_E65|snp__vix_spread__EMA80_W30_S90_E10,T2_10_20,0.1678138386501286,-0.0983743747421621,1.7058694308346698,954e0c0c2d0eb5b563e7459c8ef1586a9efda6ea8e52583cf2c8671c64cb41f7,5
cc58a67d98a9db7b6228a5b6,Combo1,Selected,공격진입형 + 민감감지형,5,10,6,4,snp__global_credit_stress__EMA40_W60_S50_E10|snp__snp_breadth__EMA40_W480_S35_E10|snp__snp_hv__HV20_EMA5_W60_S75_E40|snp__snp_index_level__EMA10_W480_S90_E10|snp__snp_natr__NATR80_EMA20_W60_S35_E25|snp__snp_rsi__RSI56_LB80_Q10_70|snp__us_10y_3m_spread__EMA20_W240_S90_E10|snp__us_10y_nominal_yield_slope__SW160_EMA40_W240_S90_E80|snp__vix_level__EMA80_W240_S50_E25|snp__vix_spread__EMA80_W30_S90_E10,T3_20_30,0.1803726082532275,-0.0983743747421624,1.8335324491360785,ace0b4ec8edf903000992c3b00c348f878f2f3ac5d9aad7d400b2e9505d619df,22
6b4595522bbed808d41be978,Combo2,Selected,Main1 · 균형형 + 추세지속형,1,13,11,9,2c691aeca25e4a6ef7157ef4|5629145ac2d757fcfba9bd68|d785708cd57a64b0f55932ab|3e12d084c6d477f9341a659b|a1da1c07b14fb17db65d74cc|6e5b02757a8ee4ed06803c5c|0a43441d1fc40aeebbdf6ae6|201404c81d4be42fc0e54ddb|63785480da8b6d41bdd69953|dd88950fba3894d8e3e52b0d|82cd8c47cff0e20b2ae07f09|9b0bf6eb468f0e0f9ead4022|daa4abf0e7d4ade38612c649,T1_00_10,0.210985420674225,-0.0993629468645246,2.1233812737246094,1c85d48563b6f901f298b88f50a7f92831de3c61cc70da0504ddd3ca20471a81,20
56965121941b6abcf928fe96,Combo2,Selected,균형형 + 추세지속형,2,13,12,10,0fbef7e264dae735435ae46b|81c47ccd867408a8a0cbc27a|065ce831d5ea5b5d4e732653|d785708cd57a64b0f55932ab|62dfa48786fb4640af4ed5ed|e4ad56aa66de8a3f2fb7c645|646c568fa2f6f9868487b327|6e5b02757a8ee4ed06803c5c|0a43441d1fc40aeebbdf6ae6|87613cddc0e7cdb24237e423|6d508c57fad21a61d538766b|4999b578393c6aafe53e9c72|5ff021464d1763b21e3e44ef,T1_00_10,0.2089929478377168,-0.1042351840555761,2.0050134676817555,9f7d579a81db97fb569ed3558f0249f18065290288baa46760d7d1c58949b4bf,16
e6d450aa79ca39a713ba2558,Combo2,Selected,보수방어형 + 민감감지형,3,8,5,4,2c691aeca25e4a6ef7157ef4|f30bb2c15b2ad078e02435ed|3e12d084c6d477f9341a659b|a1da1c07b14fb17db65d74cc|0a43441d1fc40aeebbdf6ae6|201404c81d4be42fc0e54ddb|4290826820010a3c5d90d092|09908da403813cec358db379,T1_00_10,0.2093306840281843,-0.0983743747421622,2.1278984956889113,91cd6a946b73100d65f98b88a625bc7e445cf07c45d9b0d8a011ced13a668d2c,6
b524905cfdecdc45c5cfc205,Combo2,Selected,균형형,4,6,5,4,0fbef7e264dae735435ae46b|0690ea14bbbf574ceded9d03|e4ad56aa66de8a3f2fb7c645|0a43441d1fc40aeebbdf6ae6|87613cddc0e7cdb24237e423|daa4abf0e7d4ade38612c649,T2_10_20,0.2142890946022098,-0.1042351840555748,2.0558230557539736,68287173a8b92c863b91d4dd0f6b02aa3e1239f95ca25537befd07f963a1e062,31
3e58ad167be4bb0aad010eb9,Combo2,Selected,공격진입형 + 민감감지형,5,11,8,7,0690ea14bbbf574ceded9d03|1b2b1cffc36506cb8dc65a4c|f30bb2c15b2ad078e02435ed|3e12d084c6d477f9341a659b|0a43441d1fc40aeebbdf6ae6|a18c14e3322e95354544ce0d|87613cddc0e7cdb24237e423|c1cc6ea8f2ec0b4f5b9abc0a|09908da403813cec358db379|4999b578393c6aafe53e9c72|daa4abf0e7d4ade38612c649,T2_10_20,0.2236900976727416,-0.0983743747421622,2.273865508767196,70681b4f7e2d284b7b173a02ee5864b2bdcb1190c21630c5bd862997bd17c1ab,23
