robustness_rank_v2,provisional_status_v2,robustness_score_v2,hard_fail_count_v2,rank_change_vs_old,selection_source,consensus_flag,n,combo_id,role_my,role_colleague,role_tags,start_k,end_l,indicator_set_key,reconstructed_combo_key,final_asset_10y,final_asset_20y,buyhold_final_asset_10y,buyhold_final_asset_20y,total_mdd_10y,total_mdd_20y,mdd_improve_10y,mdd_improve_20y,risk_off_share_10y,risk_off_share_20y,cycle_count_10y,cycle_count_20y,short_cycle_count_10y,short_cycle_count_20y,short_cycle_ratio_10y,short_cycle_ratio_20y,average_cycle_days_10y,average_cycle_days_20y,practical_basic_flag,practical_stable_flag,strict_stability_flag,composite_score,my_role_score,colleague_role_score,my_selection_stage,colleague_filter_level,colleague_selection_reason,candidate_key,asset_retention_t2_vs_t1_10y,asset_retention_t2_vs_t1_20y,mdd_deterioration_t2_vs_t1_10y,mdd_deterioration_t2_vs_t1_20y,t2_status,asset_retention_vs_0bp_20y_0bp,asset_retention_vs_0bp_20y_5bp,asset_retention_vs_0bp_20y_10bp,asset_retention_vs_0bp_20y_20bp,final_asset_20y_0bp,final_asset_20y_5bp,final_asset_20y_10bp,final_asset_20y_20bp,positive_period_ratio,bh_outperform_period_ratio,mdd_improve_period_ratio,worst_period_excess_cagr,worst_period_mdd,period_cagr_std,period_mdd_std,original_start_k,original_end_l,valid_neighbor_count,neighbor_pass_count,neighbor_pass_ratio,neighbor_final_asset_20y_median,neighbor_final_asset_20y_p25,neighbor_final_asset_20y_min,neighbor_mdd_20y_median,neighbor_mdd_20y_worst,original_asset_vs_neighbor_median_ratio,original_mdd_vs_neighbor_median_delta,original_rank_within_neighbors,best_neighbor_k_l,worst_neighbor_k_l,crisis_detected_count,crisis_detection_ratio,positive_downside_avoidance_ratio,average_entry_lag,median_entry_lag,average_reentry_lag,median_reentry_lag,total_downside_avoided,total_rebound_missed,false_positive_cycle_count,t2_score,cost_score,period_score,kl_score,crisis_score,robustness_score,robustness_grade,hard_fail_t2,hard_fail_cost,hard_fail_period,hard_fail_kl,hard_fail_crisis,hard_fail_count,provisional_status,robustness_rank
1,CORE,0.6510795454545455,0,0,공통,True,4,717067,안정형,안정형,안정형,3,1,Index + Credit Stress + VIX + 10Y-2Y Spread,Index=EMA40_W45_S35_E25|Credit Stress=EMA1_W60_S28_E25|VIX=EMA15_W30_S75_E40|10Y-2Y Spread=EMA40_W60_S82_E52|start_k=3|end_l=1,443.70456053447936,1200.0974146145177,350.23996883972313,609.8260976898191,-0.0960445475291302,-0.1288678095569302,0.2432050524974027,0.4388860678707991,0.2610425785913251,0.3232604373757455,12,25,0,1,0.0,0.04,54.666666666666664,65.04,True,True,False,0.8906074984108744,0.8642307692307694,0.8542127843037144,권장조건,role_filter_strict,same_structure_avoided,n4_717067,1.037713190558582,0.972414601744901,-2.220446049250313e-16,-0.0014076620591113587,GOOD,1.0,0.9753038143277873,0.9512056281970317,0.904746818004034,1200.0974146145177,1170.4595860384552,1141.539415166036,1085.7843171673528,1.0,1.0,1.0,0.027128555144099842,-0.12886780955693022,0.026861785938554945,0.018950519167432022,3,1,10,3,0.3,764.8395671919106,382.0961558014066,129.80471676229945,-0.17091168310994964,-0.40751021821767386,1.5690838524746378,-0.042043873553019445,2,4/3,1/0,13,0.8461538461538461,1.0,67.18181818181819,35.0,2.272727272727273,20.0,2.5325464473322588,1.681990984632066,13,0.9159090909090909,0.5909090909090909,0.5136363636363637,0.6602272727272728,0.6778409090909091,0.6713068181818183,B,False,False,False,True,False,1,REVIEW,1
2,CORE,0.6217045454545455,0,7,내 안,False,8,19591620,균형형 방어,,균형형 방어,5,3,Index + IG + Credit Stress + VIX + 10Y Real Yield + 10Y-2Y Spread + 10Y Nominal Yield Slope + Bollinger Band,Index=EMA40_W45_S35_E25|IG=EMA5_W180_S20_E10|Credit Stress=EMA1_W60_S28_E25|VIX=EMA15_W30_S75_E40|10Y Real Yield=EMA40_W120_S18_E10|10Y-2Y Spread=EMA1_W480_S35_E25|10Y Nominal Yield Slope=SW15_EMA10_W45_S75_E40|Bollinger Band=BBW18_STD2p25|start_k=5|end_l=3,574.6616019968259,2302.697535418383,350.23996883972313,609.8260976898191,-0.1014710701146442,-0.1330511936308827,0.2377785299118887,0.4347026837968466,0.2307998408276959,0.2244532803180914,14,25,2,3,0.1428571428571428,0.12,41.42857142857143,45.16,True,True,False,0.9477449059486388,0.7090995352439969,,권장조건,,,n8_19591620,0.9627236781522327,0.9113158054146479,0.04127999693216877,0.03156958185424796,GOOD,1.0,0.9753038143277905,0.9512056281970328,0.9047468180040351,2302.697535418383,2245.829689536751,2190.338855725402,2083.3582679955157,1.0,1.0,1.0,0.057533228399431424,-0.1330511936308827,0.020203701748735734,0.01823279281314184,5,3,19,6,0.3157894736842105,1131.6841107977257,858.8657367629177,481.94407934541965,-0.20991368516024955,-0.38321623954142203,2.034752908031207,-0.07686249152936686,1,5/3,3/1,13,0.9230769230769231,1.0,16.083333333333332,10.5,-55.416666666666664,6.0,2.3652343825616717,1.2674187375952495,8,0.5659090909090909,0.6136363636363636,0.5818181818181818,0.5369318181818181,0.7147727272727273,0.5971875,C,False,False,False,True,False,1,REVIEW,9
3,CORE,0.6211931818181818,0,9,공통,True,8,19002150,안정형,안정형,안정형,4,2,Index + IG + Credit Stress + 10Y Real Yield + 10Y-2Y Spread + 10Y-3M Spread + 10Y Nominal Yield Slope + Bollinger Band,Index=EMA40_W45_S35_E25|IG=EMA5_W180_S20_E10|Credit Stress=EMA1_W60_S28_E25|10Y Real Yield=EMA40_W120_S18_E10|10Y-2Y Spread=EMA1_W480_S35_E25|10Y-3M Spread=EMA20_W360_S50_E32|10Y Nominal Yield Slope=SW15_EMA10_W45_S75_E40|Bollinger Band=BBW15_STD2p5|start_k=4|end_l=2,528.0489460998225,1755.7251114428805,350.23996883972313,609.8260976898191,-0.09604454752913,-0.1330511936308832,0.2432050524974029,0.434702683796846,0.2650218861918026,0.3278330019880716,11,23,0,0,0.0,0.0,60.54545454545455,71.69565217391305,True,True,False,0.9185993075370787,0.8429821843532146,0.8184516236589311,권장조건,role_filter_strict,same_structure_avoided,n8_19002150,0.9238355415150359,0.9178217420267771,-3.3306690738754696e-16,-5.551115123125783e-16,GOOD,1.0,0.9772568626563792,0.9550199818235595,0.9120211276885671,1755.7251114428805,1715.794414095691,1676.7525640173467,1601.2583960492711,1.0,1.0,1.0,0.047501562475214865,-0.13305119363088325,0.025580764279448016,0.02136579708865239,4,2,19,4,0.21052631578947367,894.3053145836855,478.1552212994625,185.3709523490539,-0.18902206184283954,-0.38321623954142203,1.9632278628023145,-0.05597086821195635,2,4/3,2/0,13,0.8461538461538461,1.0,39.54545454545455,11.0,16.727272727272727,15.0,2.5338882338597655,1.9715020578864622,11,0.7022727272727273,0.7045454545454546,0.5318181818181817,0.45397727272727273,0.6585227272727272,0.5890625,C,False,False,False,True,False,1,REVIEW,12
4,CORE,0.6009659090909091,0,6,내 안,False,7,3815013,저휩쏘형,,저휩쏘형,4,2,Index + IG + Credit Stress + VIX + 10Y Real Yield + 10Y-2Y Spread + 10Y-3M Spread,Index=EMA10_W90_S35_E25|IG=EMA8_W180_S20_E10|Credit Stress=EMA1_W60_S28_E25|VIX=EMA15_W30_S75_E40|10Y Real Yield=EMA40_W120_S20_E10|10Y-2Y Spread=EMA40_W60_S82_E52|10Y-3M Spread=EMA80_W60_S62_E32|start_k=4|end_l=2,427.7542308455193,1294.092787412732,350.23996883972313,609.8260976898191,-0.0960445475291295,-0.0960445475291298,0.2432050524974035,0.4717093298985995,0.3203342618384401,0.3779324055666004,14,32,0,1,0.0,0.03125,57.5,59.40625,True,True,False,0.7918729382072216,0.8597755834829445,,권장조건,,,n7_3815013,1.0718215483040474,0.9383378398381369,4.440892098500626e-16,0.03141559996868937,GOOD,1.0,0.9684988314739033,0.9379749638258467,0.879740614751579,1294.092787412732,1253.327352428037,1213.8266354607463,1138.4659843440613,1.0,1.0,1.0,0.02288769826159176,-0.09604454752912994,0.018858062692277876,0.00431826899438827,4,2,19,6,0.3157894736842105,700.2552346921647,260.193379866904,130.60246628329023,-0.17904681473208528,-0.381788013029833,1.848030151437027,-0.08300226720295548,4,4/3,2/0,13,0.6923076923076923,1.0,81.22222222222223,19.0,10.11111111111111,14.0,2.7848149683473737,1.8995654939943554,16,0.7443181818181818,0.3482954545454545,0.5863636363636363,0.5630681818181819,0.6090909090909091,0.5928693181818182,C,False,False,False,True,False,1,REVIEW,10
5,CORE,0.5926704545454546,0,-2,내 안,False,7,2100415,방어형,,방어형,3,1,Index + HY + Credit Stress + VIX + 10Y Real Yield + 10Y-2Y Spread + Bollinger Band,Index=EMA40_W45_S35_E25|HY=EMA80_W360_S75_E32|Credit Stress=EMA1_W60_S28_E25|VIX=EMA80_W360_S28_E10|10Y Real Yield=EMA40_W120_S18_E10|10Y-2Y Spread=EMA8_W360_S35_E18|Bollinger Band=BBW18_STD2p75|start_k=3|end_l=1,416.9293785250146,987.1787648887442,350.23996883972313,609.8260976898191,-0.0960445475291296,-0.0960445475291302,0.2432050524974034,0.471709329898599,0.3020294468762435,0.4083499005964214,8,16,0,0,0.0,0.0,94.875,128.375,True,True,False,0.6981799889842502,0.858431328545781,,권장조건,,,n7_2100415,1.0130296354532533,1.022277533872075,0.0019802261241582686,0.0019802261241576025,GOOD,1.0,0.9841233822412195,0.9684910757595266,0.9379448889735369,987.1787648887442,971.5057049790206,956.0738239740607,925.9192770306065,1.0,1.0,1.0,0.019927761137540134,-0.09604454752913028,0.030414034207043524,0.004318268994388344,3,1,14,5,0.35714285714285715,689.9843099951578,408.5580732999673,212.590238722925,-0.18797553609327566,-0.4226762568533595,1.4307263956417677,-0.09193098856414546,2,3/2,1/0,13,0.38461538461538464,1.0,161.71428571428572,14.0,170.0,66.0,2.989336406668786,2.729702601698412,8,0.8181818181818181,0.8636363636363636,0.4727272727272727,0.6505681818181819,0.5119318181818182,0.6332102272727272,C,False,False,False,True,False,1,REVIEW,3
6,CORE,0.5922727272727273,0,-1,동료 안,False,7,2100412,,방어형,방어형,3,1,Index + HY + Credit Stress + VIX + 10Y Real Yield + 10Y-2Y Spread + Bollinger Band,Index=EMA40_W45_S35_E25|HY=EMA80_W360_S75_E32|Credit Stress=EMA1_W60_S28_E25|VIX=EMA80_W360_S28_E10|10Y Real Yield=EMA40_W120_S18_E10|10Y-2Y Spread=EMA8_W360_S35_E18|Bollinger Band=BBW18_STD2p25|start_k=3|end_l=1,374.023309885705,789.6569560277803,,,-0.0861941606515785,-0.0874080095403532,0.2530554393749544,0.4803458678873761,0.3716673298846001,0.4689860834990059,11,18,0,0,0.0,0.0,84.9090909090909,131.05555555555554,True,True,False,0.6012023384066206,,0.7921791714286748,,role_filter_strict,same_structure_avoided,n7_2100412,1.0322815716654015,1.0580684983084652,0.011830613001709178,0.01061676411293444,GOOD,1.0,0.9821566111698116,0.9646229185299459,0.9304638105398544,789.6569560277803,775.5667999189136,761.7211975609906,734.7472203249107,1.0,1.0,1.0,0.0074707693440430045,-0.08740800954035322,0.030399559274829225,0.0007008159826895288,3,1,14,5,0.35714285714285715,645.8559833024588,446.52671097890993,175.68712773485223,-0.19275317526802993,-0.3832162395414197,1.2226517620693444,-0.10534516572767673,5,4/3,1/0,13,0.3076923076923077,1.0,158.83333333333334,17.0,159.0,85.0,3.0471472193981612,2.834085479670419,9,0.8522727272727273,0.7954545454545454,0.47727272727272724,0.6210227272727273,0.5045454545454546,0.6254829545454547,C,False,False,False,True,False,1,REVIEW,5
7,CORE,0.591875,0,6,동료 안,False,4,858399,,방어형,방어형,2,1,Index + HY + Credit Stress + 10Y Real Yield,Index=EMA10_W90_S35_E25|HY=EMA40_W480_S35_E25|Credit Stress=EMA1_W60_S28_E25|10Y Real Yield=EMA40_W120_S20_E10|start_k=2|end_l=1,442.376587882253,1552.2447323696688,,,-0.0960445475291299,-0.1013601439885968,0.2432050524974031,0.4663937334391325,0.2729805013927576,0.3208747514910536,13,29,3,7,0.2307692307692307,0.2413793103448276,52.76923076923077,55.6551724137931,True,True,False,0.9110776307663768,,0.8039525490800543,,role_filter_strict,same_structure_avoided,n4_858399,0.9708611579940175,0.8575716217133706,2.220446049250313e-16,0.026100003509222036,GOOD,1.0,0.9714094193743189,0.9436225637280631,0.8903717962447099,1552.2447323696688,1507.865154198065,1464.733153892048,1382.074930571371,1.0,1.0,1.0,0.026780756556298746,-0.10136014398859683,0.012724260415683374,0.003068961046776727,2,1,10,4,0.4,746.5212458778317,572.0443657550047,280.6641999651009,-0.3191053131820706,-0.4035771277255469,2.0793041603851337,-0.21774516919347378,1,2/1,1/0,13,0.8461538461538461,1.0,72.63636363636364,10.0,-31.454545454545453,15.0,2.691400428068591,2.1389547671979767,12,0.5,0.4840909090909091,0.6045454545454545,0.5295454545454547,0.672159090909091,0.5663636363636364,C,False,False,False,True,False,1,REVIEW,13
8,CORE,0.5750568181818182,0,-4,내 안,False,4,356122,균형형 정석,,균형형 정석,3,2,HY + IG + 10Y-3M Spread + 10Y Nominal Yield Slope,HY=EMA80_W360_S75_E32|IG=EMA5_W180_S20_E10|10Y-3M Spread=EMA80_W60_S62_E32|10Y Nominal Yield Slope=SW160_EMA40_W240_S35_E10|start_k=3|end_l=2,547.4756761895021,2291.8107513370505,350.23996883972313,609.8260976898191,-0.1190561676738747,-0.1599467727401186,0.2201934323526583,0.4078071046876107,0.176283326701154,0.2192842942345924,10,19,0,2,0.0,0.1052631578947368,44.3,58.05263157894737,True,True,False,0.942159389866242,0.7477979192938209,,권장조건,,,n4_356122,0.9074361523047106,0.9117445374959471,0.0032503215464048107,-3.3306690738754696e-16,GOOD,1.0,0.9811747000977953,0.9626946373158086,0.9267456771529389,2291.8107513370505,2248.6667266240333,2206.3139200548926,2123.9257066542405,1.0,1.0,1.0,0.05177566734160277,-0.1599467727401186,0.015029121698318722,0.023608201842322513,3,2,10,5,0.5,599.2156196542822,343.1474733257586,162.22861187482064,-0.16607655344204192,-0.3650142833770321,3.8246845979404074,-0.006129780701923326,1,3/2,1/0,13,0.7692307692307693,0.9230769230769231,88.27272727272727,40.0,-32.27272727272727,-4.0,2.1917115451138045,0.850526319484769,4,0.6170454545454546,0.7727272727272727,0.5954545454545455,0.7488636363636363,0.45397727272727273,0.6275568181818182,C,False,False,False,True,False,1,REVIEW,4
9,CORE,0.574375,0,11,내 안,False,8,5936469,균형형 정석,,균형형 정석,5,3,Index + HY + Credit Stress + 10Y Real Yield + 10Y-2Y Spread + 10Y-3M Spread + 10Y Nominal Yield Slope + Bollinger Band,Index=EMA10_W90_S35_E25|HY=EMA5_W60_S69_E25|Credit Stress=EMA1_W60_S28_E25|10Y Real Yield=EMA3_W180_S42_E32|10Y-2Y Spread=EMA40_W60_S82_E52|10Y-3M Spread=EMA80_W60_S62_E32|10Y Nominal Yield Slope=SW15_EMA10_W45_S75_E40|Bollinger Band=BBW15_STD2p25|start_k=5|end_l=3,590.9643351347793,2374.936098379087,350.23996883972313,609.8260976898191,-0.0882241346704152,-0.141058534682925,0.2510254653561178,0.4266953427448042,0.310783923597294,0.3176938369781312,22,40,3,6,0.1363636363636363,0.15,35.5,39.95,True,True,False,0.9332709312438964,0.7557910534469403,,권장조건,,,n8_5936469,0.9392219559423532,0.8708600791998667,4.440892098500626e-16,-0.004023460929103773,GOOD,1.0,0.9607798281021744,0.923079397837337,0.852007274832183,2374.936098379087,2281.7906963543082,2192.2545835939222,2023.462833080543,1.0,1.0,1.0,0.06086936844944524,-0.14105853468292506,0.02164309906156581,0.03050395506969482,5,3,19,4,0.21052631578947367,1200.6731875273385,484.86042630750046,184.60126785917083,-0.19388242072358508,-0.3921902537488686,1.9780037757568492,-0.05282388604066007,1,5/3,3/1,13,0.8461538461538461,1.0,52.81818181818182,32.0,-16.636363636363637,5.0,2.3792786754600748,0.9957194313444132,21,0.6113636363636363,0.1590909090909091,0.5727272727272728,0.45511363636363633,0.6903409090909091,0.5332102272727273,C,False,False,False,True,False,1,REVIEW,20
10,CORE,0.5705113636363637,0,-4,내 안,False,9,7586143,저휩쏘형,,저휩쏘형,6,4,Index + IG + Credit Stress + VIX Spread + 10Y Real Yield + 10Y-2Y Spread + 10Y-3M Spread + 10Y Nominal Yield Slope + Bollinger Band,Index=EMA40_W45_S35_E25|IG=EMA5_W180_S20_E10|Credit Stress=EMA1_W60_S28_E25|VIX Spread=EMA5_W120_S86_E40|10Y Real Yield=EMA3_W180_S42_E32|10Y-2Y Spread=EMA40_W60_S82_E52|10Y-3M Spread=EMA80_W60_S62_E32|10Y Nominal Yield Slope=SW160_EMA40_W240_S35_E10|Bollinger Band=BBW18_STD2p75|start_k=6|end_l=4,597.0374297547223,2343.9371355209178,350.23996883972313,609.8260976898191,-0.1027661709329137,-0.1644951981043219,0.2364834290936193,0.4032586793234074,0.1352964584162355,0.1572564612326043,6,13,0,0,0.0,0.0,56.666666666666664,60.84615384615385,True,True,True,0.9582998156547546,0.889142259414226,,권장조건,,,n9_7586143,0.9417863239151766,0.8873298289718397,2.220446049250313e-16,0.032078556743094566,GOOD,1.0,0.9870809259323295,0.9743224148844492,0.9492794371096939,2343.9371355209178,2313.6556380571596,2283.750490218079,2225.051324627805,1.0,1.0,1.0,0.062091001331971096,-0.1644951981043219,0.023515497539587097,0.03563927045422635,6,4,19,6,0.3157894736842105,1116.9434989510994,952.3683329920996,611.2103510003947,-0.19778210435681998,-0.4166475140144734,2.0985279360344236,-0.03328690625249808,1,6/4,4/2,13,0.8461538461538461,0.9230769230769231,44.63636363636363,23.0,-46.18181818181818,-45.0,2.0854622354709225,0.7355128172150964,3,0.5011363636363636,0.9772727272727273,0.55,0.6619318181818181,0.5085227272727273,0.6026420454545455,C,False,False,False,True,False,1,REVIEW,6
11,CORE,0.5652840909090909,0,-9,동료 안,False,4,707077,,균형형 방어 기울기,균형형 방어 기울기,3,1,Index + Credit Stress + 10Y-2Y Spread + 10Y Nominal Yield Slope,Index=EMA40_W45_S35_E25|Credit Stress=EMA1_W60_S28_E25|10Y-2Y Spread=EMA1_W480_S35_E25|10Y Nominal Yield Slope=SW15_EMA10_W45_S75_E40|start_k=3|end_l=1,450.8431138300225,1353.229077335589,,,-0.1015953054895626,-0.1332966446575404,0.2376542945369704,0.4344572327701889,0.2232391563867887,0.2660039761431411,10,18,1,1,0.1,0.0555555555555555,56.1,74.33333333333333,True,True,False,0.9137254986235116,,0.7376272447232546,,role_filter_strict,same_structure_avoided,n4_707077,1.0149792915335965,1.0233578156976493,0.0,0.04428828741141677,GOOD,1.0,0.9821566111698162,0.9646229185299513,0.9304638105398572,1353.229077335589,1329.0828847323792,1305.355782019049,1259.1306838310072,1.0,1.0,1.0,0.028982255112012245,-0.13329664465754043,0.022203492157123406,0.018302776702303545,3,1,10,4,0.4,910.4307787384835,602.9652369436003,221.3835325404537,-0.19325342127278639,-0.40359946006910496,1.486361301636417,-0.05995677661524598,2,3/2,1/0,13,0.7692307692307693,0.9230769230769231,81.75,44.0,32.833333333333336,23.0,2.264166072095406,1.9783809829641736,8,0.7250000000000001,0.8181818181818182,0.5636363636363636,0.7863636363636364,0.3767045454545455,0.639659090909091,C,False,False,False,False,False,0,REVIEW,2
12,CORE,0.5650568181818183,0,4,동료 안,False,9,7158358,,안정형,안정형,5,3,Index + IG + Credit Stress + VIX Spread + 10Y Real Yield + 10Y-2Y Spread + 10Y-3M Spread + 10Y Nominal Yield Slope + Bollinger Band,Index=EMA10_W90_S35_E25|IG=EMA8_W180_S20_E8|Credit Stress=EMA1_W60_S28_E25|VIX Spread=EMA80_W480_S75_E32|10Y Real Yield=EMA40_W120_S20_E10|10Y-2Y Spread=EMA40_W60_S82_E52|10Y-3M Spread=EMA80_W60_S62_E32|10Y Nominal Yield Slope=SW15_EMA10_W45_S75_E40|Bollinger Band=BBW15_STD2p5|start_k=5|end_l=3,569.560069121872,2021.101908582224,,,-0.0960445475291297,-0.1286952047265388,0.2432050524974033,0.4390586727011905,0.245125348189415,0.2656063618290258,11,24,1,2,0.0909090909090909,0.0833333333333333,56.0,55.666666666666664,True,True,True,0.9187000393867492,,0.8483557076668444,,role_filter_strict,same_structure_avoided,n9_7158358,0.969801030767896,0.8970475413977334,2.220446049250313e-16,0.048759956266411164,GOOD,1.0,0.9762798501079346,0.9531108968798941,0.9083766912623242,2021.101908582224,1973.1610683635142,1926.3342527744694,1835.9218644218893,1.0,1.0,1.0,0.05647176009545207,-0.12869520472653884,0.026351616977813422,0.01885086572214225,5,3,19,6,0.3157894736842105,931.0701586633835,627.0223829902343,216.74596400658191,-0.1977821043568203,-0.38167354876710136,2.1707299818132477,-0.0690868996302815,2,5/4,3/1,13,0.7692307692307693,1.0,52.36363636363637,23.0,-30.818181818181817,13.0,2.6109037961638717,1.6944487180213883,8,0.4840909090909091,0.6818181818181818,0.5181818181818182,0.5289772727272728,0.6426136363636364,0.5553125000000001,C,False,False,False,True,False,1,REVIEW,16
13,CORE,0.5635795454545455,0,13,내 안,False,7,1562759,균형형 방어,,균형형 방어,4,2,Index + Credit Stress + VIX Spread + 10Y Real Yield + 10Y-2Y Spread + 10Y Nominal Yield Slope + Bollinger Band,Index=EMA10_W90_S35_E25|Credit Stress=EMA1_W60_S28_E25|VIX Spread=EMA5_W120_S86_E40|10Y Real Yield=EMA40_W120_S20_E10|10Y-2Y Spread=EMA1_W480_S35_E25|10Y Nominal Yield Slope=SW15_EMA10_W45_S75_E40|Bollinger Band=BBW18_STD2p75|start_k=4|end_l=2,572.7171836919749,2096.9517696652074,350.23996883972313,609.8260976898191,-0.0960445475291301,-0.128695204726539,0.2432050524974028,0.4390586727011902,0.2244329486669319,0.2705765407554672,12,27,2,3,0.1666666666666666,0.1111111111111111,47.0,50.407407407407405,True,True,False,0.9400082074307506,0.7718559245960503,,권장조건,,,n7_1562759,0.9587021265097952,0.9675846937692162,0.005081534755083883,0.04875995626641105,GOOD,1.0,0.9733546691672609,0.9474065091141399,0.8975305284462116,2096.9517696652074,2041.07779602218,1986.6657558792322,1882.0782299538323,1.0,1.0,1.0,0.05712966019918064,-0.12869520472653906,0.0249592183541675,0.018850865722142285,4,2,19,4,0.21052631578947367,779.7156538375292,594.2265743536999,215.32661579088477,-0.1890220618428392,-0.3682478765517785,2.6893801084339306,-0.0603268571163002,2,4/3,2/0,13,0.7692307692307693,1.0,20.3,16.5,-73.6,-57.0,2.4697109497166134,1.8350572450445488,9,0.5852272727272727,0.5454545454545454,0.5363636363636364,0.3130681818181818,0.5914772727272727,0.5022443181818181,C,False,False,False,True,False,1,REVIEW,26
14,CORE,0.5539772727272727,0,-6,내 안,False,8,7131701,방어형,,방어형,4,2,Index + HY + Credit Stress + VIX + VIX Spread + 10Y Real Yield + 10Y Nominal Yield Slope + Bollinger Band,Index=EMA40_W45_S35_E25|HY=EMA80_W360_S75_E32|Credit Stress=EMA1_W60_S28_E25|VIX=EMA80_W360_S28_E10|VIX Spread=EMA5_W120_S86_E40|10Y Real Yield=EMA40_W120_S18_E10|10Y Nominal Yield Slope=SW15_EMA10_W45_S75_E40|Bollinger Band=BBW15_STD2p25|start_k=4|end_l=2,408.66761841563,1087.1522804607905,350.23996883972313,609.8260976898191,-0.0848514435020737,-0.0848514435020741,0.2543981565244593,0.4829024339256551,0.3549542379625945,0.4250497017892644,18,39,3,3,0.1666666666666666,0.0769230769230769,49.55555555555556,54.82051282051282,True,True,False,0.7483584880828857,0.8287751742835012,,권장조건,,,n8_7131701,1.0150099773744772,0.9713543227507527,2.220446049250313e-16,0.04637130505410003,GOOD,1.0,0.9617413289958328,0.9249283295681435,0.8554255553513661,1087.1522804607903,1045.5592790312107,1005.5379427527967,929.9778432646757,1.0,1.0,1.0,0.01762176458158038,-0.08485144350207419,0.023178646574592864,6.692312996387066e-05,4,2,19,9,0.47368421052631576,713.1185419888457,411.83355590605373,149.270030038165,-0.17904681473208506,-0.27443231508992805,1.5245042954973331,-0.09419537123001095,7,4/3,2/0,13,0.6923076923076923,1.0,81.83333333333333,38.0,24.916666666666668,35.5,2.82938637441216,2.5410012475895716,17,0.6761363636363636,0.18181818181818182,0.5590909090909091,0.7448863636363636,0.5897727272727273,0.5973579545454546,C,False,False,False,False,False,0,REVIEW,8
15,CORE,0.5538636363636364,0,-4,내 안,False,9,5251924,방어형,,방어형,5,3,Index + IG + Credit Stress + VIX + 10Y Real Yield + 10Y-2Y Spread + 10Y-3M Spread + 10Y Nominal Yield Slope + Bollinger Band,Index=EMA40_W45_S35_E25|IG=EMA8_W180_S20_E10|Credit Stress=EMA1_W60_S28_E25|VIX=EMA15_W30_S90_E40|10Y Real Yield=EMA40_W120_S18_E10|10Y-2Y Spread=EMA40_W60_S82_E52|10Y-3M Spread=EMA80_W60_S62_E32|10Y Nominal Yield Slope=SW15_EMA10_W45_S75_E40|Bollinger Band=BBW18_STD2p25|start_k=5|end_l=3,448.58117963862975,1605.5031225104965,350.23996883972313,609.8260976898191,-0.0848514435020738,-0.0874080095403534,0.2543981565244592,0.4803458678873759,0.3804218066056506,0.3984095427435388,21,44,1,4,0.0476190476190476,0.0909090909090909,45.523809523809526,45.54545454545455,True,True,False,0.76497483253479,0.8690064069037658,,권장조건,,,n9_5251924,1.0057910677474018,0.9255591890665658,1.1102230246251565e-16,0.04381473901582078,GOOD,1.0,0.9569434275273048,0.9157205572498996,0.8384702025031124,1605.5031225104965,1536.3756609609848,1470.1922140117658,1346.1665282507554,1.0,1.0,1.0,0.028397765147115228,-0.08740800954035344,0.012421912712370841,0.0014760340904017408,5,3,19,9,0.47368421052631576,1125.964466201594,540.066854537808,146.43409313816514,-0.18902206184283932,-0.302360127739297,1.4258914652312353,-0.10161405230248592,6,5/4,3/1,13,0.5384615384615384,1.0,92.6,46.0,7.7,3.5,2.7714710548933907,1.6462131928084882,21,0.6352272727272728,0.11363636363636365,0.6090909090909091,0.7414772727272727,0.5727272727272729,0.5905965909090909,C,False,False,False,False,False,0,REVIEW,11
16,REVIEW,0.5485795454545455,0,6,동료 안,False,8,16463349,,균형형 방어 기울기,균형형 방어 기울기,4,2,Index + HY + IG + VIX + 10Y Real Yield + 10Y-2Y Spread + 10Y Nominal Yield Slope + Bollinger Band,Index=EMA40_W45_S35_E25|HY=EMA80_W360_S75_E32|IG=EMA5_W180_S20_E10|VIX=EMA15_W30_S75_E40|10Y Real Yield=EMA40_W120_S18_E10|10Y-2Y Spread=EMA8_W360_S35_E18|10Y Nominal Yield Slope=SW15_EMA10_W45_S75_E40|Bollinger Band=BBW15_STD2p25|start_k=4|end_l=2,500.31550654484926,1356.0133881784186,,,-0.0848514435020738,-0.0872643891365996,0.2543981565244592,0.4804894882911297,0.358933545563072,0.4487077534791252,17,34,3,3,0.1764705882352941,0.088235294117647,53.05882352941177,66.38235294117646,True,True,False,0.862999677658081,,0.7186797872463,,role_filter_strict,same_structure_avoided,n8_16463349,0.9884311385738564,1.0523960904255931,1.1102230246251565e-16,-0.002412945634525876,GOOD,1.0,0.9665632860750167,0.9342286880693624,0.8727237754706972,1356.0133881784186,1310.6727564394496,1266.826608642415,1183.4251237198816,1.0,1.0,1.0,0.04114788593019525,-0.08726438913659962,0.033481652571105525,0.0013931148116333527,4,2,19,4,0.21052631578947367,781.9763646418177,430.171181008703,149.76588336654092,-0.18902206184283943,-0.40121921830992513,1.7340848771043575,-0.10175767270623982,3,5/4,2/0,13,0.38461538461538464,1.0,89.875,32.0,12.125,15.0,2.9066145935783005,2.137262805597027,20,0.9295454545454546,0.29545454545454547,0.44545454545454544,0.3267045454545454,0.5164772727272728,0.5117897727272727,C,False,False,False,True,False,1,REVIEW,22
17,REVIEW,0.5284090909090909,0,4,공통,True,7,3755024,균형형 정석,균형형 정석,균형형 정석,5,2,Index + IG + Credit Stress + 10Y Real Yield + 10Y-3M Spread + 10Y Nominal Yield Slope + Bollinger Band,Index=EMA40_W45_S35_E25|IG=EMA5_W180_S20_E10|Credit Stress=EMA1_W60_S28_E25|10Y Real Yield=EMA8_W30_S50_E10|10Y-3M Spread=EMA80_W60_S62_E32|10Y Nominal Yield Slope=SW12_EMA3_W480_S82_E32|Bollinger Band=BBW18_STD2p25|start_k=5|end_l=2,583.4396569228816,2069.548925119228,350.23996883972313,609.8260976898191,-0.1015953054895624,-0.1330511936308825,0.2376542945369706,0.4347026837968467,0.2335853561480302,0.2536779324055666,11,20,1,2,0.0909090909090909,0.1,53.36363636363637,63.8,True,True,False,0.938612440825205,0.8063700628366248,0.7175188569710158,권장조건,role_filter_strict,same_structure_avoided,n7_3755024,0.973303939901552,0.9136313392489112,4.440892098500626e-16,0.0,GOOD,1.0,0.980193770691366,0.9607702107358075,0.9230424014270261,2069.548925119228,2028.5589645428797,1988.3609569148646,1910.2814097127728,1.0,1.0,1.0,0.059339971835532745,-0.13305119363088258,0.027749141125164918,0.01816106548598989,5,2,22,6,0.2727272727272727,743.5548914103936,508.99741641797425,127.38717531751678,-0.20189351014184392,-0.5677538774277293,2.7833169400495175,-0.06884231651096143,1,5/2,3/0,13,0.5384615384615384,0.9230769230769231,123.0,57.0,10.11111111111111,21.0,2.470890160153823,1.405433676257587,8,0.7136363636363636,0.7272727272727273,0.5045454545454545,0.3920454545454546,0.3704545454545455,0.5136931818181818,C,False,False,False,True,False,1,REVIEW,21
18,REVIEW,0.5280681818181818,0,10,내 안,False,4,526537,균형형 방어,,균형형 방어,3,1,IG + Credit Stress + 10Y-3M Spread + 10Y Nominal Yield Slope,IG=EMA5_W90_S35_E10|Credit Stress=EMA1_W60_S28_E25|10Y-3M Spread=EMA10_W360_S62_E40|10Y Nominal Yield Slope=SW15_EMA10_W45_S75_E40|start_k=3|end_l=1,524.9215360188086,1811.2051875223449,350.23996883972313,609.8260976898191,-0.0960445475291297,-0.1751452056174511,0.2432050524974033,0.3926086718102781,0.3967369677676084,0.3369781312127236,16,29,1,3,0.0625,0.1034482758620689,62.3125,58.44827586206897,True,True,False,0.915278181814069,0.7494987389659522,,권장조건,,,n4_526537,0.8384896694415455,0.8285832311510658,0.002167672389230102,0.0002467921423208175,WATCH,1.0,0.9714094193743174,0.9436225637280623,0.8903717962447123,1811.2051875223447,1759.4217795788325,1709.0940824874008,1612.646016182011,1.0,1.0,1.0,0.04680030924815859,-0.17514520561745117,0.02323608499395969,0.04566878624036884,3,1,10,2,0.2,852.6325493345514,498.2997983809579,175.976956589245,-0.19682227923725637,-0.4596805473503195,2.124250580083911,-0.02167707361980528,1,3/1,1/0,13,0.8461538461538461,1.0,75.75,35.5,18.083333333333332,14.0,2.432640044681178,1.8349102453735806,15,0.3340909090909091,0.46988636363636366,0.5545454545454546,0.4414772727272727,0.6414772727272727,0.49110795454545453,D,False,False,False,True,False,1,REVIEW,28
19,REVIEW,0.5241477272727273,0,14,공통,True,7,695499,수익형,균형형 수익 기울기,수익형 / 균형형 수익 기울기,5,3,IG + Credit Stress + VIX Spread + 10Y Real Yield + 10Y-2Y Spread + 10Y Nominal Yield Slope + RSI,IG=EMA8_W180_S20_E10|Credit Stress=EMA1_W60_S28_E25|VIX Spread=EMA5_W240_S90_E40|10Y Real Yield=EMA40_W120_S20_E10|10Y-2Y Spread=EMA40_W60_S82_E52|10Y Nominal Yield Slope=SW15_EMA10_W45_S75_E40|RSI=RSI10_LB80_Q10_90|start_k=5|end_l=3,803.8603475386951,2959.9168784620074,350.23996883972313,609.8260976898191,-0.0960445475291296,-0.2381975501183353,0.2432050524974034,0.329556327309394,0.1898129725427775,0.1821073558648111,15,29,3,5,0.2,0.1724137931034483,31.8,31.58620689655172,True,True,False,0.796139509589977,0.8526840215439856,0.7728070141091516,권장조건,role_filter_strict,same_structure_avoided,n7_695499,0.8966756260088861,0.9643614944432354,0.01290122503148139,-0.03776691191945225,GOOD,1.0,0.9714094193743152,0.9436225637280623,0.8903717962447075,2959.9168784620074,2875.2911363030144,2793.044353276283,2635.4265078112453,1.0,1.0,1.0,0.08221630414685288,-0.23819755011833532,0.04436273194774377,0.08207207431099135,5,3,19,4,0.21052631578947367,1077.083959728788,832.1376688391707,321.0831458962016,-0.3392496000265326,-0.4571314390689881,2.7480837048277285,-0.1010520499081973,1,5/3,3/1,13,0.9230769230769231,0.9230769230769231,17.666666666666668,8.5,-78.25,-59.5,2.0661369364263757,0.849515162224946,7,0.7647727272727274,0.45397727272727273,0.41818181818181815,0.19829545454545455,0.5284090909090909,0.4581534090909091,D,False,False,False,True,False,1,REVIEW,33
20,REVIEW,0.5223863636363637,0,16,공통,True,9,6013175,균형형 정석,방어형,균형형 정석 / 방어형,5,3,Index + IG + Credit Stress + VIX + VIX Spread + 10Y Real Yield + 10Y-2Y Spread + 10Y Nominal Yield Slope + Bollinger Band,Index=EMA40_W45_S35_E25|IG=EMA5_W180_S20_E10|Credit Stress=EMA1_W60_S28_E25|VIX=EMA15_W30_S90_E40|VIX Spread=EMA5_W120_S86_E40|10Y Real Yield=EMA40_W120_S18_E10|10Y-2Y Spread=EMA8_W360_S35_E18|10Y Nominal Yield Slope=SW15_EMA10_W45_S75_E40|Bollinger Band=BBW18_STD2p75|start_k=5|end_l=3,616.3621140770166,2473.172436243911,350.23996883972313,609.8260976898191,-0.0960445475291297,-0.1148537885769516,0.2432050524974033,0.4529000888507777,0.2550736171906088,0.2538767395626242,16,33,1,4,0.0625,0.1212121212121212,40.0625,38.696969696969695,True,True,False,0.9326537251472472,0.8472018828451883,0.8313314049970925,권장조건,role_filter_strict,same_structure_avoided,n9_6013175,0.9136594186663565,0.8126071260658521,0.002167672389229991,0.046149029889779536,WATCH,1.0,0.9675305747671407,0.9360999518731609,0.8762251712550375,2473.172436243911,2392.8699487373206,2315.136598541953,2167.055941491059,1.0,1.0,1.0,0.0659051976714351,-0.11485378857695161,0.024144035732692547,0.010859520382212497,5,3,19,5,0.2631578947368421,988.2739151128327,793.5316375828959,445.0376172416346,-0.2948279790469973,-0.4166475140144734,2.502517164951728,-0.1799741904700457,2,5/4,3/1,13,0.9230769230769231,1.0,38.5,11.5,-60.166666666666664,12.5,2.5162645982540757,1.3483841074456606,13,0.26136363636363635,0.3181818181818182,0.5409090909090909,0.2380681818181818,0.7397727272727274,0.4267897727272727,D,False,False,False,True,False,1,REVIEW,36
21,REVIEW,0.5197159090909091,0,-14,공통,True,4,1099873,저휩쏘형,저휩쏘형,저휩쏘형,3,1,Index + VIX Spread + 10Y Real Yield + 10Y-3M Spread,Index=EMA9_W90_S35_E25|VIX Spread=EMA80_W480_S75_E32|10Y Real Yield=EMA8_W30_S50_E10|10Y-3M Spread=EMA80_W60_S62_E32|start_k=3|end_l=1,375.6947100616221,939.632851986372,350.23996883972313,609.8260976898191,-0.1015953054895626,-0.1330511936308827,0.2376542945369704,0.4347026837968466,0.2578591325109431,0.2775347912524851,7,14,0,0,0.0,0.0,92.57142857142856,99.71428571428572,True,True,True,0.7933782096379055,0.8603593947036571,0.8706339988822326,권장조건,role_filter_strict,same_structure_avoided,n4_1099873,0.9865516154112368,0.8667934695115039,0.020086276941768455,0.018215809799486893,GOOD,1.0,0.9860940917766332,0.9723747443770924,0.9454861164790008,939.6328519863721,926.5664037829893,913.6752542585668,888.4098161406828,1.0,1.0,1.0,0.007979559206627629,-0.1330511936308827,0.021807405664679456,0.018161065485989794,3,1,10,4,0.4,775.4634907153534,385.70487127268825,121.66370630895385,-0.19520595186112266,-0.3560546783763203,1.2117048232916483,-0.06215475823023997,4,3/2,1/0,13,0.6153846153846154,0.9230769230769231,28.625,28.5,-60.125,-28.0,2.297500070139261,2.459985822260373,4,0.5454545454545454,0.947159090909091,0.5681818181818181,0.7886363636363636,0.29545454545454547,0.6021022727272727,C,False,False,False,False,False,0,REVIEW,7
22,REVIEW,0.5176704545454546,0,3,내 안,False,8,12374357,저휩쏘형,,저휩쏘형,5,3,Index + HY + IG + Credit Stress + 10Y-2Y Spread + 10Y-3M Spread + 10Y Nominal Yield Slope + Bollinger Band,Index=EMA20_W90_S35_E18|HY=EMA5_W60_S69_E25|IG=EMA5_W90_S35_E10|Credit Stress=EMA1_W60_S28_E25|10Y-2Y Spread=EMA40_W60_S82_E52|10Y-3M Spread=EMA80_W60_S62_E32|10Y Nominal Yield Slope=SW15_EMA10_W45_S75_E40|Bollinger Band=BBW15_STD2p25|start_k=5|end_l=3,589.7726652206702,1864.8643613614713,350.23996883972313,609.8260976898191,-0.090975249180093,-0.1226752058121385,0.24827435084644,0.4450786716155908,0.3008356545961003,0.3693836978131212,19,37,0,2,0.0,0.054054054054054,39.78947368421053,50.21621621621622,True,True,False,0.9332395195961,0.8639116963594112,,권장조건,,,n8_12374357,0.9588932361934702,0.9127549311805633,-1.1102230246251565e-16,0.007582164313966189,GOOD,1.0,0.9636672184136127,0.9286373107006967,0.8623033141650559,1864.8643613614713,1797.1086518318873,1731.782625356289,1608.0787192702971,1.0,1.0,1.0,0.06062833290486935,-0.12267520581213853,0.03459419582480972,0.01830197849481103,5,3,19,5,0.2631578947368421,981.4832728228316,430.52388250960564,221.676565420144,-0.18902206184283965,-0.3944161873388201,1.9000470135348904,-0.06634685603070115,2,6/3,3/1,13,0.7692307692307693,1.0,79.41666666666667,27.0,1.0833333333333333,8.0,2.4904701309138026,1.1817065570467915,17,0.6215909090909091,0.20454545454545456,0.44090909090909086,0.48352272727272727,0.6551136363636364,0.506903409090909,C,False,False,False,True,False,1,REVIEW,25
23,REVIEW,0.5139772727272727,0,0,동료 안,False,7,1525293,,수익형,수익형,5,3,Index + Credit Stress + VIX Spread + 10Y Real Yield + 10Y Nominal Yield Slope + RSI + Bollinger Band,Index=EMA40_W45_S35_E25|Credit Stress=EMA1_W60_S28_E25|VIX Spread=EMA5_W120_S86_E40|10Y Real Yield=EMA3_W180_S42_E32|10Y Nominal Yield Slope=SW15_EMA10_W45_S75_E40|RSI=RSI10_LB80_Q10_90|Bollinger Band=BBW15_STD2p25|start_k=5|end_l=3,764.0916390720386,2666.195504919978,,,-0.1096232219067664,-0.1938824207235855,0.2296263781197666,0.3738714567041438,0.1910067648229208,0.1662027833001988,21,37,6,10,0.2857142857142857,0.2702702702702703,22.857142857142858,22.594594594594593,True,True,False,0.8835889438127044,,0.7591597492941731,,role_filter_strict,same_structure_avoided,n7_1525293,0.9275939149413546,1.0201645739929226,0.025447000369729578,-5.551115123125783e-16,GOOD,1.0,0.9636672184136188,0.9286373107007097,0.8623033141650617,2666.195504919978,2569.325205973129,2475.928623491209,2299.0692201044867,1.0,1.0,1.0,0.07610609059922635,-0.19388242072358552,0.04430374607730734,0.04864707111859292,5,3,19,5,0.2631578947368421,912.2898533467239,609.8260976898191,347.80429465450584,-0.20095217014391997,-0.5677538774277293,2.9225311397896983,-0.007069749420334476,2,5/4,3/1,13,0.9230769230769231,0.9230769230769231,26.75,15.5,-88.83333333333333,-71.5,2.0708633334754616,0.8016351078266916,16,0.7897727272727273,0.25,0.4227272727272727,0.45852272727272725,0.5397727272727273,0.5112215909090909,C,False,False,False,True,False,1,REVIEW,23
24,REVIEW,0.5134090909090908,0,8,동료 안,False,7,4256980,,균형형 방어 기울기,균형형 방어 기울기,4,2,Index + IG + VIX + 10Y Real Yield + 10Y-2Y Spread + 10Y Nominal Yield Slope + Bollinger Band,Index=EMA40_W45_S35_E25|IG=EMA5_W180_S20_E10|VIX=EMA15_W30_S90_E40|10Y Real Yield=EMA40_W120_S18_E10|10Y-2Y Spread=EMA40_W60_S82_E52|10Y Nominal Yield Slope=SW15_EMA10_W45_S75_E40|Bollinger Band=BBW18_STD2p25|start_k=4|end_l=2,499.8281516263531,1622.8812056368624,,,-0.0848514435020739,-0.0983743747421624,0.2543981565244591,0.4693795026855668,0.4186231595702347,0.4333996023856858,23,46,2,4,0.0869565217391304,0.0869565217391304,45.73913043478261,47.391304347826086,True,True,False,0.8784211265347102,,0.7297031288877923,,role_filter_strict,same_structure_avoided,n7_4256980,0.8814913627783485,0.9166233328404154,0.0,0.0,GOOD,1.0,0.9550309756089813,0.9120631656822729,0.8317825373503189,1622.8812056368624,1549.9018211168525,1480.1701699394205,1349.8842470427742,1.0,1.0,1.0,0.041033426107677684,-0.09837437474216248,0.023761195695481303,0.007807467991698005,4,2,19,4,0.21052631578947367,819.9649355514955,396.6378642021384,131.436658405329,-0.18902206184283965,-0.33924960002653315,1.979208055458296,-0.09064768710067725,2,4/3,2/0,13,0.5384615384615384,1.0,77.0,32.0,-19.1,6.0,2.7543875904295687,1.7073266675900713,25,0.6090909090909091,0.09090909090909091,0.5454545454545454,0.33352272727272725,0.5477272727272727,0.46019886363636364,D,False,False,False,True,False,1,REVIEW,32
25,REVIEW,0.510625,0,2,동료 안,False,8,19162588,,저휩쏘형,저휩쏘형,5,3,Index + IG + Credit Stress + 10Y Real Yield + 10Y-2Y Spread + 10Y-3M Spread + 10Y Nominal Yield Slope + Bollinger Band,Index=EMA20_W90_S35_E18|IG=EMA5_W180_S20_E10|Credit Stress=EMA10_W240_S20_E18|10Y Real Yield=EMA3_W180_S42_E32|10Y-2Y Spread=EMA8_W360_S35_E18|10Y-3M Spread=EMA80_W60_S62_E32|10Y Nominal Yield Slope=SW160_EMA40_W240_S35_E10|Bollinger Band=BBW18_STD2p25|start_k=5|end_l=3,582.2831251872007,2029.6032185026431,,,-0.1027661709329135,-0.1644951981043219,0.2364834290936195,0.4032586793234074,0.1508157580580978,0.1825049701789264,6,15,0,0,0.0,0.0,63.166666666666664,61.2,True,True,True,0.9369507431983948,,0.8668771034929886,,role_filter_strict,same_structure_avoided,n8_19162588,0.8817546892403595,0.8623785821942506,0.019540318287366354,0.032078556743094566,GOOD,1.0,0.9851082442083694,0.9704309672630805,0.9417079539575487,2029.6032185026434,1999.3788630187946,1969.5898144917817,1911.2934942417799,1.0,1.0,1.0,0.05910333364151121,-0.1644951981043219,0.02858831174941484,0.03563927045422629,5,3,19,7,0.3684210526315789,777.6134026812018,628.508823135187,310.5191146949771,-0.39376250929653756,-0.5677538774277293,2.610041456981831,-0.22926731119221566,1,5/3,3/1,13,0.8461538461538461,0.9230769230769231,30.25,30.5,-31.25,12.0,2.043290660693799,0.7716004101412163,2,0.37272727272727274,0.8863636363636364,0.5,0.42329545454545453,0.4914772727272727,0.49230113636363637,D,False,False,False,True,False,1,REVIEW,27
26,REVIEW,0.5080113636363636,0,-9,공통,True,9,2879703,안정형,균형형 정석,안정형 / 균형형 정석,5,3,Index + HY + IG + Credit Stress + VIX Spread + 10Y Real Yield + 10Y-2Y Spread + 10Y Nominal Yield Slope + Bollinger Band,Index=EMA40_W45_S35_E25|HY=EMA80_W240_S20_E10|IG=EMA5_W180_S20_E10|Credit Stress=EMA1_W60_S28_E25|VIX Spread=EMA5_W120_S86_E40|10Y Real Yield=EMA40_W120_S18_E10|10Y-2Y Spread=EMA40_W60_S82_E52|10Y Nominal Yield Slope=SW15_EMA10_W45_S75_E40|Bollinger Band=BBW18_STD2p75|start_k=5|end_l=3,649.5150293616563,2658.4359088119586,350.23996883972313,609.8260976898191,-0.0960445475291298,-0.1370350737538208,0.2432050524974032,0.4307188036739084,0.2518901711102268,0.2667992047713717,10,24,0,0,0.0,0.0,63.3,55.916666666666664,True,True,True,0.9271429181098938,0.8822829497907949,0.7897085866850858,권장조건,role_filter_strict,same_structure_avoided,n9_2879703,0.8650730756507912,0.7356726768895593,0.002167672389229991,0.04396709781167496,WATCH,1.0,0.9762798501079316,0.9531108968798868,0.9083766912623213,2658.4359088119586,2595.377410576482,2533.784233345463,2414.8612147795493,1.0,1.0,1.0,0.07220485136579002,-0.13703507375382085,0.02607128815008588,0.02366589135004974,5,3,19,8,0.42105263157894735,1186.704161342353,857.7086040881875,303.9238819980636,-0.19388242072358475,-0.32904518660456517,2.240184197049449,-0.05684734696976396,1,5/3,3/1,13,0.7692307692307693,1.0,73.75,17.5,4.416666666666667,3.0,2.5456012560707912,1.3412808756095405,9,0.16136363636363638,0.6590909090909091,0.5272727272727272,0.7102272727272727,0.6630681818181818,0.5401704545454545,C,False,False,False,True,False,1,REVIEW,17
27,REVIEW,0.5058522727272727,0,11,공통,True,4,618520,방어형,균형형 정석,방어형 / 균형형 정석,3,1,IG + VIX Spread + 10Y Nominal Yield Slope + RSI,IG=EMA5_W180_S20_E10|VIX Spread=EMA5_W240_S86_E40|10Y Nominal Yield Slope=SW15_EMA10_W45_S75_E40|RSI=RSI10_LB80_Q10_90|start_k=3|end_l=1,523.7069736425826,1869.2467735230832,350.23996883972313,609.8260976898191,-0.0909752491800929,-0.1301348713864507,0.2482743508464401,0.4376190060412785,0.3629128531635495,0.3385685884691849,27,50,4,7,0.1481481481481481,0.14,33.77777777777778,34.06,True,True,False,0.9365406035736666,0.8423297604035309,0.7556597149486579,권장조건,role_filter_strict,same_structure_avoided,n4_618520,0.9150578242829057,0.8449277173251502,0.00540527858342188,0.040736428918230816,WATCH,1.0,0.951217530242331,0.9047921471137067,0.8185668046884258,1869.2467735230834,1778.0602993240734,1691.2798017013192,1530.1033585769399,1.0,1.0,1.0,0.04652695612148583,-0.13013487138645075,0.021263522141875452,0.02260881842220477,3,1,10,1,0.1,810.5693792466418,438.6456967665578,221.76381576384566,-0.20187547016003715,-0.416430214150851,2.3060910285809166,-0.07174059877358646,2,3/2,1/0,13,0.8461538461538461,1.0,46.333333333333336,47.0,-59.583333333333336,-67.0,2.393366112676869,1.408819241294242,22,0.35568181818181815,0.045454545454545456,0.5772727272727273,0.2375,0.6642045454545453,0.41221590909090905,D,False,False,False,True,False,1,REVIEW,38
28,REVIEW,0.4932386363636364,0,-10,공통,True,9,2459204,수익형,저휩쏘형,수익형 / 저휩쏘형,6,4,Index + HY + IG + Credit Stress + VIX + 10Y-2Y Spread + 10Y-3M Spread + 10Y Nominal Yield Slope + Bollinger Band,Index=EMA40_W45_S35_E25|HY=EMA5_W60_S69_E25|IG=EMA5_W90_S35_E10|Credit Stress=EMA1_W60_S28_E25|VIX=EMA80_W360_S28_E10|10Y-2Y Spread=EMA40_W60_S82_E52|10Y-3M Spread=EMA10_W360_S62_E40|10Y Nominal Yield Slope=SW15_EMA10_W45_S75_E40|Bollinger Band=BBW18_STD2p25|start_k=6|end_l=4,681.9766772797665,2661.6757465456117,350.23996883972313,609.8260976898191,-0.1015953054895627,-0.1790468147320854,0.2376542945369703,0.3887070626956439,0.1941902109033028,0.1817097415506958,10,15,0,0,0.0,0.0,48.8,60.93333333333333,True,True,True,0.9374088048934937,0.9015428870292884,0.8796199331389896,권장조건,role_filter_strict,same_structure_avoided,n9_2459204,0.8915502994780437,0.914505047640094,-1.1102230246251565e-16,0.0,GOOD,1.0,0.9851082442083724,0.9704309672630896,0.9417079539575521,2661.6757465456117,2622.038721331556,2582.972569260964,2506.521221377908,1.0,1.0,1.0,0.07809873645111876,-0.1790468147320854,0.031521177100857736,0.04471664971031321,6,4,19,6,0.3157894736842105,1156.1664690579134,1013.3359228544774,409.13902513826804,-0.22645254062707032,-0.4244764806243695,2.302156149463876,-0.04740572589498493,1,6/4,4/2,13,0.7692307692307693,0.7692307692307693,75.08333333333333,46.5,2.75,11.0,2.015364261539891,0.8455578194902029,5,0.6159090909090909,0.9090909090909092,0.45454545454545453,0.5892045454545455,0.3244318181818182,0.5399147727272728,C,False,False,False,True,False,1,REVIEW,18
29,REVIEW,0.49079545454545453,0,-15,동료 안,False,8,20328660,,방어형,방어형,4,2,Index + IG + Credit Stress + VIX + 10Y Real Yield + 10Y-3M Spread + 10Y Nominal Yield Slope + Bollinger Band,Index=EMA40_W45_S35_E25|IG=EMA5_W180_S20_E10|Credit Stress=EMA1_W60_S28_E25|VIX=EMA15_W30_S90_E40|10Y Real Yield=EMA40_W120_S18_E10|10Y-3M Spread=EMA80_W60_S62_E32|10Y Nominal Yield Slope=SW15_EMA10_W45_S75_E40|Bollinger Band=BBW18_STD2p25|start_k=4|end_l=2,387.8453078712416,1177.01960673901,,,-0.0747718059306453,-0.0833980810835705,0.2644777940958877,0.4843557963441588,0.4894548348587346,0.4918489065606362,26,52,1,5,0.0384615384615384,0.0961538461538461,47.30769230769231,47.57692307692308,True,True,False,0.7242376208305359,,0.8157706697593878,,role_filter_strict,same_structure_avoided,n8_20328660,0.8790420563981751,0.8867248379933002,0.0,0.019508487924734474,GOOD,1.0,0.9493165215325942,0.9011784036598752,0.8120378896731908,1177.01960673901,1117.364158845139,1060.7046502774351,955.7845175603146,1.0,1.0,1.0,0.011618255494280083,-0.0833980810835705,0.013288085911623334,0.004980382281645106,4,2,19,8,0.42105263157894735,759.3441837206115,242.53259356283183,115.71456256003496,-0.12445938836234238,-0.30496831099400956,1.5500475699594949,-0.041061307278771886,7,5/4,2/0,13,0.46153846153846156,1.0,102.44444444444444,52.0,18.77777777777778,15.0,2.908064017225055,2.13670881566455,29,0.44318181818181823,0.022727272727272728,0.6,0.8670454545454545,0.5329545454545453,0.5642613636363636,C,False,False,False,False,False,0,REVIEW,14
30,REVIEW,0.48818181818181816,0,0,공통,True,7,3554693,안정형,안정형,안정형,4,2,Index + IG + Credit Stress + 10Y Real Yield + 10Y-2Y Spread + 10Y Nominal Yield Slope + Bollinger Band,Index=EMA10_W90_S35_E25|IG=EMA5_W90_S35_E10|Credit Stress=EMA1_W60_S28_E25|10Y Real Yield=EMA40_W120_S20_E10|10Y-2Y Spread=EMA1_W480_S35_E25|10Y Nominal Yield Slope=SW15_EMA10_W45_S75_E40|Bollinger Band=BBW15_STD2p25|start_k=4|end_l=2,579.5887711726302,1909.111317418378,350.23996883972313,609.8260976898191,-0.0960445475291298,-0.1330511936308823,0.2432050524974032,0.4347026837968469,0.2944687624353362,0.2988071570576541,15,32,1,2,0.0666666666666666,0.0625,49.333333333333336,46.96875,True,True,True,0.9283152205590144,0.8642571813285458,0.853212202931634,권장조건,role_filter_strict,same_structure_avoided,n7_3554693,0.8636276916588657,0.8068668162235446,0.005081534755084216,6.661338147750939e-16,WATCH,1.0,0.9684988314739086,0.9379749638258467,0.8797406147515826,1909.111317418378,1848.9720800733132,1790.6986188950175,1679.5227640148476,1.0,1.0,1.0,0.05855039639919002,-0.13305119363088236,0.03139044848987918,0.021365797088652008,4,2,19,5,0.2631578947368421,946.4417427726814,599.4990456132123,193.1397182558571,-0.18902206184283943,-0.38986420933862587,2.0171461497730165,-0.055970868211957125,2,4/3,2/0,13,0.8461538461538461,1.0,25.166666666666668,17.0,-34.25,11.0,2.583706067071862,1.6681049046577305,14,0.30227272727272725,0.35625,0.45909090909090905,0.5017045454545455,0.6948863636363637,0.4752556818181819,D,False,False,False,True,False,1,REVIEW,30
31,REVIEW,0.476875,0,-16,동료 안,False,7,867608,,저휩쏘형,저휩쏘형,5,3,Index + Credit Stress + 10Y Real Yield + 10Y-2Y Spread + 10Y-3M Spread + 10Y Nominal Yield Slope + Bollinger Band,Index=EMA10_W90_S35_E25|Credit Stress=EMA4_W240_S28_E25|10Y Real Yield=EMA3_W180_S42_E32|10Y-2Y Spread=EMA1_W480_S35_E25|10Y-3M Spread=EMA80_W60_S62_E32|10Y Nominal Yield Slope=SW18_EMA10_W480_S90_E40|Bollinger Band=BBW18_STD2p25|start_k=5|end_l=3,596.1075681791366,1955.0028549148856,,,-0.1080884274597184,-0.1790468147320852,0.2311611725668145,0.388707062695644,0.1456426581774771,0.1395626242544731,9,14,0,0,0.0,0.0,40.666666666666664,50.142857142857146,True,True,True,0.9357652934163464,,0.8681838634966945,,role_filter_strict,same_structure_avoided,n7_867608,0.9657715094035411,0.9309315778785346,0.020350269048607816,0.03717749933647807,GOOD,1.0,0.9860940917766157,0.9723747443770924,0.9454861164789962,1955.0028549148858,1927.816764637985,1900.995401304348,1848.4280569988257,1.0,1.0,1.0,0.06190468228331336,-0.17904681473208528,0.03323590997045842,0.040967843992962695,5,3,19,6,0.3157894736842105,1047.0500214957176,647.8605575557831,266.82817632477844,-0.205715613394451,-0.5451045436960609,1.8671532541703706,-0.026668798662365795,1,5/3,3/1,13,0.6923076923076923,0.7692307692307693,35.333333333333336,31.0,-38.111111111111114,2.0,1.9496052060046278,0.9605943612037523,4,0.6261363636363637,0.9392045454545455,0.44999999999999996,0.7142045454545454,0.2590909090909091,0.5620170454545454,C,False,False,False,True,False,1,REVIEW,15
32,REVIEW,0.46539772727272727,0,-8,내 안,False,8,22233285,균형형 수익,,균형형 수익,5,3,Index + IG + Credit Stress + VIX Spread + 10Y Real Yield + 10Y-2Y Spread + 10Y Nominal Yield Slope + Bollinger Band,Index=EMA10_W90_S35_E25|IG=EMA5_W180_S20_E10|Credit Stress=EMA1_W60_S28_E25|VIX Spread=EMA5_W120_S86_E40|10Y Real Yield=EMA40_W120_S18_E10|10Y-2Y Spread=EMA1_W480_S35_E25|10Y Nominal Yield Slope=SW15_EMA10_W45_S75_E40|Bollinger Band=BBW15_STD2p25|start_k=5|end_l=3,619.5611766140884,2282.5938543557913,350.23996883972313,609.8260976898191,-0.101595305489563,-0.1330511936308824,0.2376542945369699,0.4347026837968468,0.2037405491444488,0.2059642147117296,11,25,1,3,0.0909090909090909,0.12,46.54545454545455,41.44,True,True,False,0.9457301497459412,0.7836657629744385,,권장조건,,,n8_22233285,0.8240817959055072,0.8322403096867785,0.011420460070179161,0.034247934766593935,WATCH,1.0,0.9753038143277838,0.951205628197034,0.9047468180040381,2282.5938543557913,2226.222492714361,2171.21612115119,2065.169526523975,1.0,1.0,1.0,0.06652620077184301,-0.13305119363088247,0.029128891329556848,0.018161065485989572,5,3,19,8,0.42105263157894735,992.0434606364404,849.0183861501632,586.2567854943285,-0.1938824207235854,-0.4166475140144734,2.3009010642451138,-0.06083122709270303,3,4/3,3/1,13,0.8461538461538461,0.9230769230769231,20.727272727272727,16.0,-82.81818181818181,-94.0,2.3570194948016177,1.3720902628465008,6,0.2636363636363636,0.6363636363636364,0.4954545454545454,0.6784090909090909,0.5028409090909091,0.5103977272727273,C,False,False,False,True,False,1,REVIEW,24
33,REVIEW,0.4634090909090909,0,-2,내 안,False,9,1233109,균형형 방어,,균형형 방어,5,3,Index + HY + IG + Credit Stress + VIX + 10Y Real Yield + 10Y-2Y Spread + 10Y Nominal Yield Slope + Bollinger Band,Index=EMA10_W90_S35_E25|HY=EMA5_W60_S69_E25|IG=EMA5_W180_S20_E10|Credit Stress=EMA1_W60_S28_E25|VIX=EMA15_W30_S90_E40|10Y Real Yield=EMA40_W120_S18_E10|10Y-2Y Spread=EMA40_W60_S82_E52|10Y Nominal Yield Slope=SW15_EMA10_W45_S75_E40|Bollinger Band=BBW15_STD2p25|start_k=5|end_l=3,525.6176349459699,1995.520687757191,350.23996883972313,609.8260976898191,-0.0848514435020739,-0.1102797532624155,0.2543981565244591,0.4574741241653137,0.3115797851173896,0.3328031809145129,22,47,3,6,0.1363636363636363,0.1276595744680851,35.59090909090909,35.61702127659574,True,True,False,0.8812163472175598,0.7441218619246862,,권장조건,,,n9_1233109,0.8907735976902912,0.8192750415032848,0.0,0.05701937513506139,WATCH,1.0,0.9540761833911175,0.910239951414076,0.8284587343310666,1995.5206877571907,1903.8787616533984,1816.4026538698888,1653.2065433107819,1.0,1.0,1.0,0.04695671889429165,-0.11027975326241557,0.018097251230294622,0.014681041485170448,5,3,19,6,0.3157894736842105,1215.6580934714502,629.1346949443828,197.0291688774996,-0.18407056646849806,-0.3444342409189459,1.6415147470114348,-0.07379081320608256,3,5/4,3/1,13,0.6153846153846154,1.0,54.666666666666664,26.0,-75.0,-91.0,2.6622575399063604,1.6674388813981216,25,0.225,0.06818181818181818,0.5909090909090908,0.5948863636363636,0.5840909090909091,0.4650852272727273,D,False,False,False,True,False,1,REVIEW,31
34,REVIEW,0.45738636363636365,0,1,내 안,False,7,868632,균형형 수익,,균형형 수익,5,3,Index + Credit Stress + 10Y Real Yield + 10Y-2Y Spread + 10Y-3M Spread + 10Y Nominal Yield Slope + Bollinger Band,Index=EMA10_W90_S35_E25|Credit Stress=EMA1_W60_S28_E25|10Y Real Yield=EMA3_W180_S42_E32|10Y-2Y Spread=EMA1_W480_S35_E25|10Y-3M Spread=EMA80_W60_S62_E32|10Y Nominal Yield Slope=SW18_EMA10_W480_S90_E40|Bollinger Band=BBW18_STD2p25|start_k=5|end_l=3,586.119275406509,2099.0967756993177,350.23996883972313,609.8260976898191,-0.1027661709329134,-0.1416075044464058,0.2364834290936196,0.4261463729813235,0.1742936729009152,0.1715705765407554,11,17,1,1,0.0909090909090909,0.0588235294117647,39.81818181818182,50.76470588235294,True,True,True,0.949470167537004,0.7826997307001795,,권장조건,,,n7_868632,0.9661465641940413,0.8873108760249144,0.025672525575411997,0.051565090045304296,GOOD,1.0,0.9831395048898257,0.9665550620990879,0.9341968611972051,2099.0967756993177,2063.7049647768567,2028.8926143880492,1960.9696192074764,1.0,1.0,1.0,0.05988663098021574,-0.1416075044464058,0.027488647048460702,0.02242505435969874,5,3,19,5,0.2631578947368421,987.4888921457243,700.0208346295803,329.68649896186355,-0.2569947004612273,-0.5451045436960609,2.1256915317175564,-0.1153871960148215,1,5/3,3/1,13,0.6153846153846154,0.7692307692307693,37.77777777777778,23.0,-77.55555555555556,-51.0,2.17183921061285,0.9187212828444916,4,0.45113636363636367,0.8409090909090909,0.509090909090909,0.3096590909090909,0.26477272727272727,0.4319602272727273,D,False,False,False,True,False,1,REVIEW,35
35,REVIEW,0.45500000000000007,0,-1,공통,True,9,6742443,균형형 수익,균형형 방어 기울기,균형형 수익 / 균형형 방어 기울기,5,3,Index + IG + Credit Stress + VIX Spread + 10Y Real Yield + 10Y-2Y Spread + 10Y Nominal Yield Slope + RSI + Bollinger Band,Index=EMA40_W45_S35_E25|IG=EMA5_W180_S20_E10|Credit Stress=EMA1_W60_S28_E25|VIX Spread=EMA5_W120_S86_E40|10Y Real Yield=EMA40_W120_S18_E10|10Y-2Y Spread=EMA40_W60_S82_E52|10Y Nominal Yield Slope=SW15_EMA10_W45_S75_E40|RSI=RSI14_LB140_Q10_90|Bollinger Band=BBW18_STD2p75|start_k=5|end_l=3,632.1740860861339,2351.471137956497,350.23996883972313,609.8260976898191,-0.0960445475291292,-0.1249579423146182,0.2432050524974037,0.4427959351131111,0.2674094707520891,0.2852882703777336,15,36,3,6,0.2,0.1666666666666666,44.8,39.861111111111114,True,True,False,0.9226555824279784,0.8016801778242679,0.7514668887871373,권장조건,role_filter_strict,same_structure_avoided,n9_6742443,0.8632575015694454,0.8076438180433891,0.002167672389230768,0.039662833170513,WATCH,1.0,0.9646316088645733,0.930497374953235,0.8657629027243469,2351.471137956497,2268.3033870055847,2188.0377211468167,2035.8164780697398,1.0,1.0,1.0,0.0689468346474198,-0.12495794231461821,0.02976681509085098,0.016693156262587796,5,3,19,6,0.3157894736842105,1075.5648182863217,830.9984594402201,232.02695628617903,-0.1938824207235852,-0.38714341121411966,2.1862663207067836,-0.068924478408967,1,5/3,3/1,13,0.6923076923076923,1.0,64.91666666666667,26.0,-27.833333333333332,8.0,2.604613903889521,1.2202319053451154,12,0.21136363636363636,0.2727272727272727,0.48636363636363633,0.5301136363636364,0.6363636363636365,0.4509375,D,False,False,False,True,False,1,REVIEW,34
36,REVIEW,0.44886363636363635,0,1,동료 안,False,9,394588,,수익형,수익형,6,4,Index + HY + IG + Credit Stress + 10Y Real Yield + 10Y-2Y Spread + 10Y-3M Spread + 10Y Nominal Yield Slope + Bollinger Band,Index=EMA9_W90_S35_E25|HY=EMA5_W60_S69_E25|IG=EMA5_W90_S35_E10|Credit Stress=EMA1_W60_S28_E25|10Y Real Yield=EMA3_W180_S42_E32|10Y-2Y Spread=EMA40_W60_S82_E52|10Y-3M Spread=EMA80_W60_S62_E32|10Y Nominal Yield Slope=SW160_EMA40_W240_S35_E10|Bollinger Band=BBW18_STD2p25|start_k=6|end_l=4,733.985283721023,2883.9948889627462,,,-0.1015953054895629,-0.1938824207235845,0.23765429453697,0.3738714567041448,0.2045364106645443,0.1866799204771372,12,20,2,4,0.1666666666666666,0.2,42.833333333333336,46.95,True,True,False,0.909546196460724,,0.7613206745477437,,role_filter_strict,same_structure_avoided,n9_394588,0.8405058398402571,0.8763573647086403,1.1102230246251565e-16,2.220446049250313e-16,GOOD,1.0,0.9801937706913744,0.9607702107358095,0.9230424014270298,2883.9948889627462,2826.8738248670456,2770.8563772297352,2662.049568011453,1.0,1.0,1.0,0.08703503436514981,-0.19388242072358453,0.03544125830255704,0.053281990823096384,6,4,19,5,0.2631578947368421,1100.5869835236153,976.6610216235032,272.80961830787646,-0.28823825397710723,-0.39703280991855927,2.6204152258183275,-0.09435583325352273,1,6/4,4/2,13,0.6923076923076923,0.8461538461538461,51.1,26.5,-59.2,-59.5,2.0896201146401854,0.5898915274315496,6,0.44772727272727275,0.75,0.43636363636363634,0.2880681818181818,0.3659090909090909,0.41883522727272726,D,False,False,False,True,False,1,REVIEW,37
37,REVIEW,0.4444318181818182,0,4,공통,True,8,11907541,수익형,균형형 정석,수익형 / 균형형 정석,5,3,Index + HY + IG + Credit Stress + 10Y Real Yield + 10Y-2Y Spread + 10Y Nominal Yield Slope + Bollinger Band,Index=EMA10_W90_S35_E25|HY=EMA5_W60_S69_E25|IG=EMA5_W90_S35_E10|Credit Stress=EMA1_W60_S28_E25|10Y Real Yield=EMA40_W120_S18_E10|10Y-2Y Spread=EMA40_W60_S82_E52|10Y Nominal Yield Slope=SW15_EMA10_W45_S75_E40|Bollinger Band=BBW15_STD2p25|start_k=5|end_l=3,669.464964878237,2815.6508677750912,350.23996883972313,609.8260976898191,-0.0960445475291298,-0.179046814732085,0.2432050524974032,0.3887070626956442,0.2602467170712296,0.2562624254473161,13,30,0,3,0.0,0.1,50.30769230769231,42.96666666666667,True,True,False,0.9202824831008912,0.8778388845855926,0.6867666317830174,권장조건,role_filter_strict,same_structure_avoided,n8_11907541,0.8775021723706586,0.798597690106853,2.220446049250313e-16,0.05990085256820865,WATCH,1.0,0.9704382528072981,0.9417362622231712,0.8868138705469125,2815.6508677750912,2732.4153086390124,2651.600523943943,2496.9582441604016,1.0,1.0,1.0,0.07585758173755042,-0.17904681473208506,0.026319065871095202,0.04792138131297541,5,3,19,5,0.2631578947368421,996.0469179830808,875.1284903048653,271.43274996349334,-0.29557169642822745,-0.41031130779914293,2.8268255409861314,-0.11652488169614245,1,5/3,3/1,13,0.6923076923076923,1.0,37.77777777777778,30.0,-74.55555555555556,-51.0,2.2951665195760462,1.0233062348497044,15,0.1340909090909091,0.4011363636363636,0.5227272727272727,0.21193181818181817,0.5613636363636364,0.3628693181818182,D,False,False,False,True,False,1,REVIEW,41
38,REVIEW,0.44102272727272723,0,2,동료 안,False,4,164168,,수익형,수익형,3,2,Credit Stress + VIX Spread + 10Y-3M Spread + 10Y Nominal Yield Slope,Credit Stress=EMA4_W240_S28_E25|VIX Spread=EMA70_W480_S75_E25|10Y-3M Spread=EMA80_W60_S62_E32|10Y Nominal Yield Slope=SW15_EMA10_W45_S75_E32|start_k=3|end_l=2,672.6469058853745,2282.6585859001684,,,-0.1027661709329137,-0.1790468147320857,0.2364834290936193,0.3887070626956436,0.1030640668523676,0.1707753479125248,8,25,3,5,0.375,0.2,32.375,34.36,True,False,False,0.9632738702504372,,0.8291447581858344,,role_filter_strict,same_structure_avoided,n4_164168,0.8402351671625135,0.825311477090449,0.03322812902223715,-5.551115123125783e-16,WATCH,1.0,0.975303814327787,0.9512056281970316,0.9047468180040327,2282.6585859001684,2226.2856256365067,2171.2776941605175,2065.2280921827623,1.0,1.0,1.0,0.07295488210538359,-0.17904681473208572,0.038361609182579776,0.044040650231409934,3,2,10,2,0.2,818.0170983896764,300.81571067922954,135.19167468812694,-0.22300300439904575,-0.3637078667513618,2.790477840125519,-0.04395618966696005,1,3/2,1/0,13,0.9230769230769231,0.7692307692307693,43.916666666666664,34.5,-60.916666666666664,-24.5,1.9690189952942312,0.566347341589195,8,0.4011363636363636,0.5681818181818182,0.43181818181818177,0.3096590909090909,0.4375,0.4099147727272727,D,False,False,False,True,False,1,REVIEW,40
39,REVIEW,0.43806818181818175,0,-20,내 안,False,4,496951,수익형,,수익형,4,2,HY + VIX Spread + 10Y Real Yield + 10Y-3M Spread,HY=EMA5_W60_S69_E25|VIX Spread=EMA5_W240_S90_E40|10Y Real Yield=EMA3_W180_S42_E32|10Y-3M Spread=EMA80_W60_S62_E32|start_k=4|end_l=2,705.5945662046236,2095.5096595867076,350.23996883972313,609.8260976898191,-0.1691373531963641,-0.2490036651662294,0.1701122468301689,0.3187502122614999,0.1161957819339434,0.0934393638170974,7,11,0,0,0.0,0.0,41.714285714285715,42.72727272727273,True,True,True,0.8193713735700698,0.8698623371164355,,권장조건,,,n4_496951,0.8725664170032736,0.8712028450733231,0.0,-0.00575758756185385,GOOD,1.0,0.9890575579563692,0.9782294672887358,0.9569117962020653,2095.5096595867076,2072.5796665848115,2049.889297995905,2005.2179123138949,1.0,1.0,1.0,0.057982928129485245,-0.2490036651662294,0.04834218305779772,0.04611083671498431,4,2,9,4,0.4444444444444444,575.2881571541468,319.9231729915422,159.96647732788978,-0.22142446781006764,-0.3821187936096698,3.642539192798335,0.027579197356161766,1,4/2,2/0,13,0.5384615384615384,0.6923076923076923,63.857142857142854,6.0,-52.42857142857143,-49.0,1.8025626345495653,0.5489914044094678,3,0.5545454545454545,1.0,0.4136363636363636,0.7363636363636363,0.2056818181818182,0.5395454545454546,C,False,False,False,True,False,1,REVIEW,19
40,WEAK,0.42352272727272733,1,-11,동료 안,False,8,2897925,,수익형,수익형,6,4,HY + VIX + VIX Spread + 10Y Real Yield + 10Y-2Y Spread + 10Y Nominal Yield Slope + RSI + Bollinger Band,HY=EMA80_W360_S75_E32|VIX=EMA80_W360_S42_E10|VIX Spread=EMA5_W120_S86_E40|10Y Real Yield=EMA8_W30_S50_E10|10Y-2Y Spread=EMA1_W480_S35_E25|10Y Nominal Yield Slope=SW12_EMA3_W480_S82_E32|RSI=RSI10_LB80_Q10_90|Bollinger Band=BBW15_STD2p25|start_k=6|end_l=4,760.0417390179699,3407.6857900187633,,,-0.1969969771124141,-0.2260179060380248,0.1422526229141189,0.3417359713897044,0.0903302825308396,0.1349900596421471,11,28,2,4,0.1818181818181818,0.1428571428571428,20.636363636363637,24.25,True,True,False,0.7619470953941345,,0.7823180269462056,,role_filter_strict,same_structure_avoided,n8_2897925,0.9486048794147737,0.5765240583827381,-0.00475165937989197,-1.1102230246251565e-16,WEAK,1.0,0.9723815578367649,0.9455126435024238,0.8939439964545469,3407.6857900187633,3313.570817116652,3222.0099995462865,3046.2802537907432,1.0,1.0,1.0,0.09129976717369548,-0.22601790603802485,0.03017536410609073,0.0167552411273343,6,4,19,7,0.3684210526315789,1111.2760756943665,621.5165096342055,609.8260976898191,-0.24847744228631796,-0.5677538774277293,3.066461939162611,-0.022459536248293166,1,6/4,8/2,13,0.6923076923076923,0.8461538461538461,71.2,71.5,-75.3,-57.0,1.5625202207395361,0.44617378641486627,8,0.38977272727272727,0.5227272727272727,0.4818181818181818,0.6437499999999999,0.3352272727272727,0.4786647727272727,D,True,False,False,True,False,2,WEAK,29
41,WEAK,0.3944318181818182,1,2,동료 안,False,8,3872805,,균형형 수익 기울기,균형형 수익 기울기,6,4,IG + VIX + VIX Spread + 10Y Real Yield + 10Y-2Y Spread + 10Y Nominal Yield Slope + RSI + Bollinger Band,IG=EMA8_W180_S20_E10|VIX=EMA80_W360_S42_E10|VIX Spread=EMA5_W120_S86_E40|10Y Real Yield=EMA8_W30_S50_E10|10Y-2Y Spread=EMA40_W60_S82_E52|10Y Nominal Yield Slope=SW12_EMA3_W480_S82_E32|RSI=RSI10_LB80_Q10_90|Bollinger Band=BBW15_STD2p25|start_k=6|end_l=4,782.6957408340271,3549.2384710292877,,,-0.1969969771124141,-0.226017906038025,0.1422526229141189,0.3417359713897042,0.1006764822920811,0.1077534791252485,14,29,3,6,0.2142857142857142,0.2068965517241379,18.071428571428573,18.689655172413794,True,True,False,0.7651548981666565,,0.7397024446314874,,role_filter_strict,same_structure_avoided,n8_3872805,0.9429119867231534,0.6617327054498854,-0.00475165937989197,-5.551115123125783e-16,WEAK,1.0,0.9714094193743171,0.9436225637280614,0.8903717962447176,3549.2384710292877,3447.7636823635494,3349.1415053149212,3160.141832751202,1.0,1.0,1.0,0.09490198566755037,-0.22601790603802507,0.031272164362778125,0.016755241127334435,6,4,19,5,0.2631578947368421,968.8872617992423,648.1624513457059,609.8260976898191,-0.3392496000265327,-0.5677538774277293,3.6632109957130443,-0.11323169398850771,1,6/4,8/2,13,0.6153846153846154,0.7692307692307693,55.0,57.5,-108.125,-78.5,1.5026577430949417,0.30184798643511423,13,0.4284090909090909,0.4556818181818182,0.4636363636363636,0.1971590909090909,0.2590909090909091,0.34826704545454545,D,True,False,False,True,False,2,WEAK,43
42,WEAK,0.3775568181818182,1,0,동료 안,False,9,7304150,,균형형 수익 기울기,균형형 수익 기울기,5,4,Index + IG + Credit Stress + VIX Spread + 10Y Real Yield + 10Y-2Y Spread + 10Y-3M Spread + 10Y Nominal Yield Slope + Bollinger Band,Index=EMA9_W90_S35_E25|IG=EMA8_W180_S20_E8|Credit Stress=EMA1_W60_S28_E25|VIX Spread=EMA5_W120_S86_E40|10Y Real Yield=EMA40_W120_S18_E10|10Y-2Y Spread=EMA8_W360_S35_E18|10Y-3M Spread=EMA80_W60_S62_E32|10Y Nominal Yield Slope=SW15_EMA10_W45_S75_E40|Bollinger Band=BBW15_STD2p5|start_k=5|end_l=4,704.2260061764997,2963.6643033737428,,,-0.101595305489563,-0.1511224825032106,0.2376542945369699,0.4166313949245187,0.2116991643454039,0.1962226640159045,18,37,6,11,0.3333333333333333,0.2972972972972973,29.555555555555557,26.675675675675677,True,False,False,0.9457311034202576,,0.7549710614629582,,role_filter_strict,same_structure_avoided,n9_7304150,0.8098950261243663,0.6600517423252263,0.049206325033061105,0.08733056467776368,WEAK,1.0,0.9636672184136057,0.9286373107006992,0.8623033141650566,2963.6643033737428,2855.986135543871,2752.1692485046538,2555.577550871852,1.0,1.0,1.0,0.08199426720236969,-0.1511224825032106,0.02922994700845892,0.028594528981031698,5,4,15,5,0.3333333333333333,1232.7821121575714,915.1717045899397,433.36330585438185,-0.32733567862381696,-0.43904382010832677,2.404045511486894,-0.17621319612060637,1,5/4,3/2,13,0.7692307692307693,0.9230769230769231,23.454545454545453,10.0,-94.63636363636364,-91.0,2.32619085442128,0.7175413253926449,8,0.03977272727272727,0.2272727272727273,0.4909090909090909,0.4193181818181818,0.5017045454545455,0.35857954545454546,D,True,False,False,True,False,2,WEAK,42
43,REVIEW,0.3705681818181818,0,-4,내 안,False,4,1087045,균형형 수익,,균형형 수익,3,1,Index + VIX Spread + 10Y Real Yield + 10Y Nominal Yield Slope,Index=EMA10_W90_S35_E25|VIX Spread=EMA5_W120_S86_E40|10Y Real Yield=EMA40_W120_S18_E10|10Y Nominal Yield Slope=SW15_EMA10_W45_S75_E40|start_k=3|end_l=1,599.9824168771102,2069.3963115881093,350.23996883972313,609.8260976898191,-0.101595305489563,-0.1938824207235846,0.2376542945369699,0.3738714567041447,0.2216474333465977,0.2332007952286282,12,30,1,1,0.0833333333333333,0.0333333333333333,46.416666666666664,39.1,True,True,True,0.924009991698091,0.7628373266078184,,권장조건,,,n4_1087045,0.8670757381371506,0.8166041286063885,0.0,3.3306690738754696e-16,WATCH,1.0,0.970438252807294,0.9417362622231678,0.8868138705469214,2069.3963115881093,2008.2213409834233,1948.8255475333958,1835.1693527749742,1.0,1.0,1.0,0.06267937834533566,-0.19388242072358464,0.030876878424837422,0.053281990823096426,3,1,10,3,0.3,900.4615222605348,612.2048919371168,200.08356603628278,-0.24464218451233954,-0.4139958210910032,2.2981507376273664,-0.050759763788754936,1,3/1,1/0,13,0.5384615384615384,0.8461538461538461,45.5,40.0,-92.75,-120.5,2.298945614500545,1.6907964955348995,10,0.35113636363636364,0.39431818181818185,0.46818181818181814,0.5375,0.24545454545454543,0.41017045454545453,D,False,False,False,True,False,1,REVIEW,39
44,REVIEW,0.3369318181818181,0,0,동료 안,False,4,467594,,균형형 수익 기울기,균형형 수익 기울기,3,2,HY + VIX Spread + 10Y Real Yield + 10Y Nominal Yield Slope,HY=EMA15_W240_S50_E40|VIX Spread=EMA5_W240_S90_E40|10Y Real Yield=EMA40_W120_S18_E10|10Y Nominal Yield Slope=SW15_EMA10_W45_S75_E32|start_k=3|end_l=2,754.2750205451645,2731.050381606705,,,-0.101595305489563,-0.1938824207235844,0.2376542945369699,0.3738714567041449,0.1910067648229208,0.2063618290258449,18,41,3,11,0.1666666666666666,0.2682926829268293,26.666666666666668,25.317073170731707,True,True,False,0.935520509334558,,0.8088622369727686,,role_filter_strict,same_structure_avoided,n4_467594,0.9503565296970199,0.8048958286937894,0.007865377812833585,0.08805232664255258,WATCH,1.0,0.959819288469019,0.9212341621210588,0.8486026537619528,2731.050381606705,2621.31483404679,2515.9369100098506,2317.5766013890434,1.0,1.0,1.0,0.08030298873768049,-0.19388242072358441,0.041526519653180834,0.05328199082309629,3,2,10,3,0.3,755.3897740512689,474.81385654433205,155.9298581077279,-0.27189898244425276,-0.42783017870772555,3.615418788315959,-0.07801656172066837,1,3/2,1/0,13,0.6153846153846154,0.8461538461538461,27.77777777777778,11.0,-107.66666666666667,-92.0,2.3083704595752916,0.6477613165457498,16,0.2215909090909091,0.13636363636363635,0.42727272727272725,0.34318181818181814,0.36022727272727273,0.3226136363636364,D,False,False,False,True,False,1,REVIEW,44
